record_id,represented_by_eligible_repository_hit,repository_search_sources,flow_source_group
acrima,false,[],other_documented_search_routes
adam_challenge,false,[],other_documented_search_routes
afio_fundus_vessels,true,"[""mendeley""]",five_repository_searches
agar300,false,[],other_documented_search_routes
age_challenge,false,[],other_documented_search_routes
airogs,false,[],other_documented_search_routes
amd_dme_3d_oct,true,"[""figshare""]",five_repository_searches
amd_sd,true,"[""kaggle""]",five_repository_searches
amdnet23,true,"[""mendeley""]",five_repository_searches
angioreport,false,[],other_documented_search_routes
anterior_segment_smile,true,"[""mendeley""]",five_repository_searches
anterior_uveitis_corneal_endothelium,true,"[""figshare""]",five_repository_searches
aod,true,"[""kaggle""]",five_repository_searches
aptos2019,false,[],other_documented_search_routes
aptos_arcade_onh_masks,false,[],other_documented_search_routes
aqp4_optic_neuritis_oct_layers,true,"[""figshare""]",five_repository_searches
aroi,false,[],other_documented_search_routes
aroma_octa,false,[],other_documented_search_routes
as_oct_keratitis,false,[],other_documented_search_routes
asd_eye_tracking,true,"[""figshare""]",five_repository_searches
bajwa_multi_eye,true,"[""mendeley""]",five_repository_searches
beh,false,[],other_documented_search_routes
belo,false,[],other_documented_search_routes
bidr,true,"[""kaggle""]",five_repository_searches
binocular_fundus_images,true,"[""figshare""]",five_repository_searches
birdshot_wide,false,[],other_documented_search_routes
bmrd,true,"[""mendeley""]",five_repository_searches
brasil_glaucoma_brg,true,"[""kaggle""]",five_repository_searches
brset,false,[],other_documented_search_routes
brset_mbrset_embeddings,false,[],other_documented_search_routes
cadis,false,[],other_documented_search_routes
casia2_as_oct_repeatability,true,"[""figshare""]",five_repository_searches
casia2_keratometric_astigmatism,true,"[""figshare""]",five_repository_searches
casia_iris_v4,false,[],other_documented_search_routes
cataract,true,"[""kaggle""]",five_repository_searches
cataract101_extended_labels,false,[],other_documented_search_routes
cataract1k,false,[],other_documented_search_routes
cataract_101,false,[],other_documented_search_routes
cataract_iol_biometry_outcomes,true,"[""figshare""]",five_repository_searches
cataract_lenstar_biometric_symmetry,true,"[""figshare""]",five_repository_searches
cataract_lmm,true,"[""huggingface""]",five_repository_searches
cataracts2017,false,[],other_documented_search_routes
cavri,false,[],other_documented_search_routes
central_retinal_vessel_trunk_oag,true,"[""figshare""]",five_repository_searches
chaksu,true,"[""figshare""]",five_repository_searches
chase_db1,false,[],other_documented_search_routes
china_fundus_cimt,true,"[""figshare""]",five_repository_searches
chronic_corneal_disorders,true,"[""mendeley""]",five_repository_searches
coph100,true,"[""figshare""]",five_repository_searches
corn1500,false,[],other_documented_search_routes
corn_collection,false,[],other_documented_search_routes
corn_pro,false,[],other_documented_search_routes
corneal_curvature_fundus,true,"[""mendeley""]",five_repository_searches
corneal_epithelium_confocal,true,"[""mendeley""]",five_repository_searches
corneal_nerve_parkinsons,true,"[""figshare""]",five_repository_searches
corneal_parameters_kc,true,"[""mendeley""]",five_repository_searches
corneal_tomography_iol,true,"[""mendeley""]",five_repository_searches
cornorb,false,[],other_documented_search_routes
csc_fundus_segmentation,true,"[""mendeley""]",five_repository_searches
csdi,false,[],other_documented_search_routes
cyp1b1_poag_genotypes,true,"[""figshare""]",five_repository_searches
data_oct_fundus_glaucoma,true,"[""mendeley""]",five_repository_searches
ddr,false,[],other_documented_search_routes
deepdrid,false,[],other_documented_search_routes
deepeyenet,false,[],other_documented_search_routes
dme_vqa,false,[],other_documented_search_routes
dme_vqa_logical,false,[],other_documented_search_routes
doomgan_ocular_morphs,true,"[""huggingface""]",five_repository_searches
dr_arranged,false,[],other_documented_search_routes
drac22,false,[],other_documented_search_routes
dridb,false,[],other_documented_search_routes
drions_db,false,[],other_documented_search_routes
drishti_gs,true,"[""kaggle""]",five_repository_searches
drive,false,[],other_documented_search_routes
drtid,false,[],other_documented_search_routes
dryad_acanthamoeba_keratitis_transcriptome,true,"[""dryad""]",five_repository_searches
dryad_amd_zinc_complement,true,"[""dryad""]",five_repository_searches
dryad_aoslo_rpe,true,"[""dryad""]",five_repository_searches
dryad_bariatric_ophthalmology,true,"[""dryad""]",five_repository_searches
dryad_brvo_bevacizumab_multimodal,true,"[""dryad""]",five_repository_searches
dryad_clcc1_retinitis_pigmentosa,true,"[""dryad""]",five_repository_searches
dryad_congenital_cataract_sight_restoration,true,"[""dryad""]",five_repository_searches
dryad_congenital_glaucoma_wes,true,"[""dryad""]",five_repository_searches
dryad_cornea_oct_pentacam,true,"[""dryad""]",five_repository_searches
dryad_corneal_biomechanics_prostaglandin,true,"[""dryad""]",five_repository_searches
dryad_corneal_conjunctivitis_biomarker,true,"[""dryad""]",five_repository_searches
dryad_corneal_laser_procedure,true,"[""dryad""]",five_repository_searches
dryad_crvo_vegf_tortuosity,true,"[""dryad""]",five_repository_searches
dryad_d1zd5s,true,"[""dryad""]",five_repository_searches
dryad_diabetes_retinal_capillary,true,"[""dryad""]",five_repository_searches
dryad_diabetic_retinopathy_renal,true,"[""dryad""]",five_repository_searches
dryad_dome_shaped_macula,true,"[""dryad""]",five_repository_searches
dryad_dry_eye_nlrp3,true,"[""dryad""]",five_repository_searches
dryad_eye_care_quality_of_life,true,"[""dryad""]",five_repository_searches
dryad_functional_oct_alzheimer,true,"[""dryad""]",five_repository_searches
dryad_fundus_venous_pulsation,true,"[""dryad""]",five_repository_searches
dryad_fungal_keratitis_cci,true,"[""dryad""]",five_repository_searches
dryad_ga_biofeedback,true,"[""dryad""]",five_repository_searches
dryad_gca_optic_nerve_dwi,true,"[""dryad""]",five_repository_searches
dryad_gcc_glaucoma,true,"[""dryad""]",five_repository_searches
dryad_glaucoma_lhon_mitochondrial,true,"[""dryad""]",five_repository_searches
dryad_glaucoma_rnfl_vf,true,"[""dryad""]",five_repository_searches
dryad_human_foveal_cones,true,"[""dryad""]",five_repository_searches
dryad_huntingtons_retinal_oct,true,"[""dryad""]",five_repository_searches
dryad_icmr_eye_see_cataract,true,"[""dryad""]",five_repository_searches
dryad_iris_surface_features,true,"[""dryad""]",five_repository_searches
dryad_karachi_cataract_outcomes,true,"[""dryad""]",five_repository_searches
dryad_lens_fluorescence_twins,true,"[""dryad""]",five_repository_searches
dryad_lvpei_cataract_outcomes,true,"[""dryad""]",five_repository_searches
dryad_moorfields_amd_1_2_year,true,"[""dryad""]",five_repository_searches
dryad_moorfields_namd_fellow_eye,true,"[""dryad""]",five_repository_searches
dryad_myopia_glaucoma_visual_field,true,"[""dryad""]",five_repository_searches
dryad_namd_12_year_survival,true,"[""dryad""]",five_repository_searches
dryad_namd_oct_longitudinal,true,"[""dryad""]",five_repository_searches
dryad_namd_oct_quant,true,"[""dryad""]",five_repository_searches
dryad_namd_ten_year_survival,true,"[""dryad""]",five_repository_searches
dryad_namd_visual_prediction,true,"[""dryad""]",five_repository_searches
dryad_nigeria_cataract_services,true,"[""dryad""]",five_repository_searches
dryad_ocular_chemical_injuries_shanghai,true,"[""dryad""]",five_repository_searches
dryad_ocular_surface_amr,true,"[""dryad""]",five_repository_searches
dryad_optic_neuritis_metacontrast,true,"[""dryad""]",five_repository_searches
dryad_pediatric_corneal_endothelium,true,"[""dryad""]",five_repository_searches
dryad_pediatric_myopia_longitudinal,true,"[""dryad""]",five_repository_searches
dryad_pediatric_optical_quality,true,"[""dryad""]",five_repository_searches
dryad_pediatric_secondary_iol,true,"[""dryad""]",five_repository_searches
dryad_pk31jt2,true,"[""dryad""]",five_repository_searches
dryad_pnvx0k6hv,true,"[""dryad""]",five_repository_searches
dryad_preeclampsia_ocular_octa,true,"[""dryad""]",five_repository_searches
dryad_pvd_diagnostic_oct,true,"[""dryad""]",five_repository_searches
dryad_pzgmsbcfw,true,"[""dryad""]",five_repository_searches
dryad_qfttdz0dr,true,"[""dryad""]",five_repository_searches
dryad_r7s04,true,"[""dryad""]",five_repository_searches
dryad_rao_multiomics,true,"[""dryad""]",five_repository_searches
dryad_ravi_cataract_outcomes,true,"[""dryad""]",five_repository_searches
dryad_retinal_prosthesis_navigation,true,"[""dryad""]",five_repository_searches
dryad_rn38r,true,"[""dryad""]",five_repository_searches
dryad_rn8pk0p70,true,"[""dryad""]",five_repository_searches
dryad_rn8pk0pdp,true,"[""dryad""]",five_repository_searches
dryad_rop_plane_wave_doppler,true,"[""dryad""]",five_repository_searches
dryad_rpgr_cone_rod_wes,true,"[""dryad""]",five_repository_searches
dryad_sbcc2fr6n,true,"[""dryad""]",five_repository_searches
dryad_sbcc2fr7r,true,"[""dryad""]",five_repository_searches
dryad_shanghai_myopia_2014_2018,true,"[""dryad""]",five_repository_searches
dryad_sn02v6x2x,true,"[""dryad""]",five_repository_searches
dryad_stargardt_wes,true,"[""dryad""]",five_repository_searches
dryad_taizhou_cataract_outdoors,true,"[""dryad""]",five_repository_searches
dryad_tb_uveitis_ifn,true,"[""dryad""]",five_repository_searches
dryad_tmpg4f4vb,true,"[""dryad""]",five_repository_searches
dryad_toric_iol_incision,true,"[""dryad""]",five_repository_searches
dryad_uveal_melanoma_coog2,true,"[""dryad""]",five_repository_searches
dryad_uveitis_vitreous_biomarkers,true,"[""dryad""]",five_repository_searches
dryad_v6wwpzh1b,true,"[""dryad""]",five_repository_searches
dryad_v9p0b,true,"[""dryad""]",five_repository_searches
dryad_vkh_apoe,true,"[""dryad""]",five_repository_searches
dryad_xgxd254pk,true,"[""dryad""]",five_repository_searches
dryad_young_adult_uv_transmission,true,"[""dryad""]",five_repository_searches
dryad_z8w9ghx9c,true,"[""dryad""]",five_repository_searches
dual_scheimpflug_ss_oct_biometry,true,"[""figshare""]",five_repository_searches
duke_amd_chiu,false,[],other_documented_search_routes
duke_chiu_boe,false,[],other_documented_search_routes
duke_rpedc,false,[],other_documented_search_routes
e_ophtha,true,"[""kaggle""]",five_repository_searches
eed_astig,false,[],other_documented_search_routes
erdes,false,[],other_documented_search_routes
eth_xgaze,false,[],other_documented_search_routes
external_eye_blepharitis,true,"[""mendeley""]",five_repository_searches
eye_conjunctiva_segmentation,true,"[""mendeley""]",five_repository_searches
eye_disease_image_mendeley,true,"[""mendeley""]",five_repository_searches
eyecare_100k,false,[],other_documented_search_routes
eyecatcher_visual_field,true,"[""mendeley""]",five_repository_searches
eyepacs,false,[],other_documented_search_routes
eyeq,false,[],other_documented_search_routes
fairvlmed,false,[],other_documented_search_routes
fang_sbsdi_oct,false,[],other_documented_search_routes
farfum_rop,false,[],other_documented_search_routes
fd3611,true,"[""figshare""]",five_repository_searches
ffa_ir,false,[],other_documented_search_routes
fimd,true,"[""mendeley""]",five_repository_searches
fiqs,true,"[""figshare""]",five_repository_searches
fire,false,[],other_documented_search_routes
fives,false,[],other_documented_search_routes
fociset_pamm,false,[],other_documented_search_routes
fovea,false,[],other_documented_search_routes
fprm_retina,false,[],other_documented_search_routes
fundus_105k,true,"[""huggingface""]",five_repository_searches
fundus_avseg,false,[],other_documented_search_routes
fundus_cc_2_5m,true,"[""huggingface""]",five_repository_searches
fundus_domain_generalization,false,[],other_documented_search_routes
fundus_report_dataset,true,"[""huggingface""]",five_repository_searches
g1020,false,[],other_documented_search_routes
gamma,false,[],other_documented_search_routes
gaze360,false,[],other_documented_search_routes
gaze_capture,false,[],other_documented_search_routes
ghana_eye_screening,true,"[""mendeley""]",five_repository_searches
glaucoma_expert_cot_raw,true,"[""huggingface""]",five_repository_searches
glaucoma_expert_cot_refined,true,"[""huggingface""]",five_repository_searches
glaucoma_eye_movements,false,[],other_documented_search_routes
glaucoma_oct_fundus,true,"[""figshare""]",five_repository_searches
gleam,true,"[""kaggle""]",five_repository_searches
goals,false,[],other_documented_search_routes
goblet_cell_segmentation,false,[],other_documented_search_routes
grape,false,[],other_documented_search_routes
harvard_fairvision,false,[],other_documented_search_routes
harvard_gdp,false,[],other_documented_search_routes
harvard_glaucoma,false,[],other_documented_search_routes
hassan_composite_retina,true,"[""mendeley""]",five_repository_searches
hei_med,false,[],other_documented_search_routes
hesc_retinal_organoid_early_differentiation,true,"[""figshare""]",five_repository_searches
hesc_rpe_electrical_excitability,true,"[""figshare""]",five_repository_searches
higancnn_generated_glaucoma,true,"[""kaggle""]",five_repository_searches
hpmi,true,"[""figshare""]",five_repository_searches
hrf,false,[],other_documented_search_routes
hrf_seg_plus,false,[],other_documented_search_routes
hyamd,false,[],other_documented_search_routes
hybridgaze,true,"[""kaggle""]",five_repository_searches
hygd,false,[],other_documented_search_routes
ichallenge_amd,false,[],other_documented_search_routes
ichallenge_oct,false,[],other_documented_search_routes
idrid,false,[],other_documented_search_routes
insegcat,false,[],other_documented_search_routes
intraretinal_cystoid_fluid,true,"[""kaggle""]",five_repository_searches
irfdrd,false,[],other_documented_search_routes
itec_iris_pupil,true,"[""kaggle""]",five_repository_searches
jichi,false,[],other_documented_search_routes
jrc_multimodal_vessels,false,[],other_documented_search_routes
jsiec,false,[],other_documented_search_routes
justraigs,false,[],other_documented_search_routes
keratoconus_detection_kaggle,true,"[""kaggle""]",five_repository_searches
kermany_oct,true,"[""kaggle""]",five_repository_searches
lag,false,[],other_documented_search_routes
leops_erg,true,"[""mendeley""]",five_repository_searches
lmod_cataract_1k,true,"[""huggingface""]",five_repository_searches
lmod_cataract_1k_cot,true,"[""huggingface""]",five_repository_searches
lmod_plus,false,[],other_documented_search_routes
lpw,false,[],other_documented_search_routes
maetschke_glaucoma_oct,false,[],other_documented_search_routes
maples_dr,false,[],other_documented_search_routes
mario,false,[],other_documented_search_routes
mbrset,false,[],other_documented_search_routes
mcoa,true,"[""figshare""]",five_repository_searches
mendeley_3_year_follow_up_optic_neuritis,true,"[""mendeley""]",five_repository_searches
mendeley_adjuvant_ketorolac_dexamethasone_hypoxic_human_retinal,true,"[""mendeley""]",five_repository_searches
mendeley_analysis_macular_pigment_carotenoids_human_blood,true,"[""mendeley""]",five_repository_searches
mendeley_annotated_infant_fundus_images_object_detection,true,"[""mendeley""]",five_repository_searches
mendeley_anterior_segment_optical_coherence_tomography_angiography,true,"[""mendeley""]",five_repository_searches
mendeley_application_machine_learning_detecting_iron_deficiency,true,"[""mendeley""]",five_repository_searches
mendeley_biochemical_parameters_tear_fluid_chemical_burns,true,"[""mendeley""]",five_repository_searches
mendeley_biomechanical_properties_adult_patients_high_myopia,true,"[""mendeley""]",five_repository_searches
mendeley_blinking_its_relationship_ocular_surface_digital,true,"[""mendeley""]",five_repository_searches
mendeley_cell_types_human_retina_its_organoids,true,"[""mendeley""]",five_repository_searches
mendeley_changes_retinal_photosensitivity_diabetic_retinopathy_therapy,true,"[""mendeley""]",five_repository_searches
mendeley_chemical_reprogramming_fibroblasts_into_functional_retinal,true,"[""mendeley""]",five_repository_searches
mendeley_clinical_application_cyanoacrylate_tissue_adhesive_pediatric,true,"[""mendeley""]",five_repository_searches
mendeley_clinical_assessment_scleral_canal_expansion_glaucoma,true,"[""mendeley""]",five_repository_searches
mendeley_code_manuscript_fixational_eye_movements_as,true,"[""mendeley""]",five_repository_searches
mendeley_comparison_aqueous_humor_levels_plgf_vegf,true,"[""mendeley""]",five_repository_searches
mendeley_comparison_cervical_ocular_vestibular_evoked_myogenic,true,"[""mendeley""]",five_repository_searches
mendeley_comparison_clinical_outcomes_visual_quality_visual,true,"[""mendeley""]",five_repository_searches
mendeley_comparison_ocular_biometry_using_new_opticalcoherence,true,"[""mendeley""]",five_repository_searches
mendeley_comparison_retinal_choroidal_vascular_changes_via,true,"[""mendeley""]",five_repository_searches
mendeley_comparison_two_novel_comfilcon_contact_lens,true,"[""mendeley""]",five_repository_searches
mendeley_conjunctival_melanoma_detection_using_deep_learning,true,"[""mendeley""]",five_repository_searches
mendeley_contrast_sensitivity_visual_acuity_multifocal_contact,true,"[""mendeley""]",five_repository_searches
mendeley_corneal_higher_order_aberrations_stevens_johnson,true,"[""mendeley""]",five_repository_searches
mendeley_corneal_refractive_parameters_age_patients_without,true,"[""mendeley""]",five_repository_searches
mendeley_cost_effectiveness_limited_vitrectomy_vision_degrading,true,"[""mendeley""]",five_repository_searches
mendeley_cp_anemic_conjunctival_pallor_ghana,true,"[""mendeley""]",five_repository_searches
mendeley_cust_iris,true,"[""mendeley""]",five_repository_searches
mendeley_deep_learning_prediction_uncorrected_refractive_error,true,"[""mendeley""]",five_repository_searches
mendeley_demographic_profile_clinical_characteristics_patients_presenting,true,"[""mendeley""]",five_repository_searches
mendeley_development_deep_learning_based_system_optic,true,"[""mendeley""]",five_repository_searches
mendeley_development_deep_learning_model_epiretinal_membrane,true,"[""mendeley""]",five_repository_searches
mendeley_dex_combined_ppv_pdr,true,"[""mendeley""]",five_repository_searches
mendeley_difference_retinal_nerve_fiber_layer_thickness,true,"[""mendeley""]",five_repository_searches
mendeley_digital_holograms_rbcs_glaucoma_patients_healthy,true,"[""mendeley""]",five_repository_searches
mendeley_dme_classification_fundus_imaging_vision_transformers,true,"[""mendeley""]",five_repository_searches
mendeley_dry_eye_symptoms_children_can_we,true,"[""mendeley""]",five_repository_searches
mendeley_early_detection_glaucomatous_visual_field_progression,true,"[""mendeley""]",five_repository_searches
mendeley_effect_adlay_seed_extract_on_level,true,"[""mendeley""]",five_repository_searches
mendeley_effect_central_hole_location_phakic_intraocular,true,"[""mendeley""]",five_repository_searches
mendeley_effect_one_hour_smartphone_gaming_on,true,"[""mendeley""]",five_repository_searches
mendeley_effect_prednisone_plus_either_adalimumab_or,true,"[""mendeley""]",five_repository_searches
mendeley_effects_implantable_collamer_lens_icl_implantation,true,"[""mendeley""]",five_repository_searches
mendeley_efficacy_combined_orthokeratology_0_01_atropine,true,"[""mendeley""]",five_repository_searches
mendeley_electrooculography_eog_blink_analysis_ocular_fatigue,true,"[""mendeley""]",five_repository_searches
mendeley_et_pd_vis_eye_tracking_visualization,true,"[""mendeley""]",five_repository_searches
mendeley_evaluation_dry_eye_severity_ocular_surface,true,"[""mendeley""]",five_repository_searches
mendeley_evaluation_refractive_visual_outcomes_as_well,true,"[""mendeley""]",five_repository_searches
mendeley_exome_sequencing_clec3b,true,"[""mendeley""]",five_repository_searches
mendeley_fferg_reference_healthy_controls_university_eye,true,"[""mendeley""]",five_repository_searches
mendeley_foveal_cone_photoreceptor_outer_segment_length,true,"[""mendeley""]",five_repository_searches
mendeley_fundus_autofluorescence_premature_infants,true,"[""mendeley""]",five_repository_searches
mendeley_fundus_mctn,true,"[""mendeley""]",five_repository_searches
mendeley_hpsc_derived_photoreceptor_axon_extension_growth,true,"[""mendeley""]",five_repository_searches
mendeley_human_foveal_cone_topography_preferred_retinal,true,"[""mendeley""]",five_repository_searches
mendeley_human_mesenchymal_stem_cells_derived_adipose,true,"[""mendeley""]",five_repository_searches
mendeley_hvdropdb_datasets_classification_segmentation_research_retinopathy,true,"[""mendeley""]",five_repository_searches
mendeley_identification_human_retinal_stem_like_cells,true,"[""mendeley""]",five_repository_searches
mendeley_imaging_retinal_choroidal_vasculature_using_spatio,true,"[""mendeley""]",five_repository_searches
mendeley_improved_retinal_displacement_quantification_between_retinal,true,"[""mendeley""]",five_repository_searches
mendeley_influence_angle_alpha_angle_kappa_optical,true,"[""mendeley""]",five_repository_searches
mendeley_interocular_retinal_nerve_fiber_layer_thickness,true,"[""mendeley""]",five_repository_searches
mendeley_iscev_standard_full_field_erg_reference,true,"[""mendeley""]",five_repository_searches
mendeley_keratoconus_ukraine_children,true,"[""mendeley""]",five_repository_searches
mendeley_long_term_results_using_gelatin_microfistulae,true,"[""mendeley""]",five_repository_searches
mendeley_long_term_safety_efficacy_limited_vitrectomy,true,"[""mendeley""]",five_repository_searches
mendeley_micro_go_study_transcriptional_profiling_orbital,true,"[""mendeley""]",five_repository_searches
mendeley_microvascular_changes_poag_after_npds,true,"[""mendeley""]",five_repository_searches
mendeley_multi_class_retinal_fundus_image_deep,true,"[""mendeley""]",five_repository_searches
mendeley_myopia_metal_mixture_exposure,true,"[""mendeley""]",five_repository_searches
mendeley_nagyz_liberty_677my_vs_alcon_acrysof,true,"[""mendeley""]",five_repository_searches
mendeley_netarsudil_on_kdb_treated_eyes,true,"[""mendeley""]",five_repository_searches
mendeley_neurophysiologic_ophthalmic_markers_chemotherapy_related_cognitive,true,"[""mendeley""]",five_repository_searches
mendeley_nuclear_cataract_database_biomedical_machine_learning,true,"[""mendeley""]",five_repository_searches
mendeley_ocular_biometry,true,"[""mendeley""]",five_repository_searches
mendeley_ocular_sebaceous_neoplasms,true,"[""mendeley""]",five_repository_searches
mendeley_ocular_surface_disorders_affect_quality_life,true,"[""mendeley""]",five_repository_searches
mendeley_on_comparison_ocular_surface_disease_index,true,"[""mendeley""]",five_repository_searches
mendeley_ophthalmic_anthropometry_malawians,true,"[""mendeley""]",five_repository_searches
mendeley_ophthalmic_stroke_biomarkers_south_asia,true,"[""mendeley""]",five_repository_searches
mendeley_optical_coherence_tomography_oct_images_proliferative,true,"[""mendeley""]",five_repository_searches
mendeley_orbscan_iiz_anterior_maps,true,"[""mendeley""]",five_repository_searches
mendeley_performance_corneal_vs_scleral_rigid_gas,true,"[""mendeley""]",five_repository_searches
mendeley_peripapillary_retinal_nerve_fiber_layer_thinning,true,"[""mendeley""]",five_repository_searches
mendeley_plasma_energy_metabolomics_patients_ocular_disease,true,"[""mendeley""]",five_repository_searches
mendeley_post_intravitreal_injection_ciprofloxacin_conjunctival_flora,true,"[""mendeley""]",five_repository_searches
mendeley_postural_stargardt_s_syndrome_patients,true,"[""mendeley""]",five_repository_searches
mendeley_proteomic_analysis_human_autoimmune_retinopathy_air,true,"[""mendeley""]",five_repository_searches
mendeley_quantified_processed_microarray_22_individuals_without,true,"[""mendeley""]",five_repository_searches
mendeley_radial_peripapillary_capillary_density_as_predictive,true,"[""mendeley""]",five_repository_searches
mendeley_raw_manuscript_light_responsive_microrna_molecules,true,"[""mendeley""]",five_repository_searches
mendeley_red_lesion_localization_messidor_retinal_images,true,"[""mendeley""]",five_repository_searches
mendeley_refractive_error_visual_impairment_among_school,true,"[""mendeley""]",five_repository_searches
mendeley_retina_identification_database_ridb,true,"[""mendeley""]",five_repository_searches
mendeley_retinal_blood_vessel_segmentation_rop,true,"[""mendeley""]",five_repository_searches
mendeley_rop_retinopathy_prematurity_infants_serum_metabolomic,true,"[""mendeley""]",five_repository_searches
mendeley_sars_cov_2_infection_ocular_cells,true,"[""mendeley""]",five_repository_searches
mendeley_selective_laser_trabeculoplasty_patients_angle_recession,true,"[""mendeley""]",five_repository_searches
mendeley_serum_proteomic_profiles_keratoconus_post_laser,true,"[""mendeley""]",five_repository_searches
mendeley_set_relationship_between_plasma_amino_acid,true,"[""mendeley""]",five_repository_searches
mendeley_spatio_temporal_optical_coherence_tomography_provides,true,"[""mendeley""]",five_repository_searches
mendeley_sub_cone_visual_resolution_by_active,true,"[""mendeley""]",five_repository_searches
mendeley_superficial_conjunctival_cells_dupilumab_treated_atopic,true,"[""mendeley""]",five_repository_searches
mendeley_test_results_article_motion_perception_glaucoma,true,"[""mendeley""]",five_repository_searches
mendeley_towards_ocular_biomarkers_sarcopenia_result_korean,true,"[""mendeley""]",five_repository_searches
mendeley_trabecular_microbypass_stent_implantation_pseudophakic_eyes,true,"[""mendeley""]",five_repository_searches
mendeley_two_photon_excited_fluorescence_scanning_laser,true,"[""mendeley""]",five_repository_searches
mendeley_utilizing_responsive_web_portal_studying_disc,true,"[""mendeley""]",five_repository_searches
mendeley_vivo_analysis_comparison_anterior_segment_structures,true,"[""mendeley""]",five_repository_searches
mendeley_vivo_cone_photoreceptor_topography_human_foveola,true,"[""mendeley""]",five_repository_searches
messidor2,false,[],other_documented_search_routes
mfiddr,false,[],other_documented_search_routes
mgd1k,false,[],other_documented_search_routes
migs_video,false,[],other_documented_search_routes
mm_retinal_reason,true,"[""huggingface""]",five_repository_searches
mmrdr,false,[],other_documented_search_routes
mpii_gaze,false,[],other_documented_search_routes
mpxv_ocular_manifestations_south_kivu,true,"[""figshare""]",five_repository_searches
mshf,false,[],other_documented_search_routes
msila_fundus_dr,false,[],other_documented_search_routes
multieye,false,[],other_documented_search_routes
mured,true,"[""mendeley""]",five_repository_searches
myopic_regression_fundus,true,"[""mendeley""]",five_repository_searches
natural_scene_eye_tracking_collection,true,"[""figshare""]",five_repository_searches
nd_iris_0405,false,[],other_documented_search_routes
nehut,true,"[""mendeley""]",five_repository_searches
ochid,false,[],other_documented_search_routes
oct5k,true,"[""figshare""]",five_repository_searches
oct_c8,true,"[""kaggle""]",five_repository_searches
oct_cirrus,false,[],other_documented_search_routes
oct_fundus_dme_dr_mexico,false,[],other_documented_search_routes
oct_macular_hole_postsurgery,true,"[""kaggle""]",five_repository_searches
oct_ms_jhu,false,[],other_documented_search_routes
octa_500,false,[],other_documented_search_routes
octa_macula_coronal,true,"[""mendeley""]",five_repository_searches
octave,false,[],other_documented_search_routes
octdl,false,[],other_documented_search_routes
octid,false,[],other_documented_search_routes
ocular_chat_vqa,true,"[""huggingface""]",five_repository_searches
ocular_generalized_myasthenia_korea,true,"[""figshare""]",five_repository_searches
oculoscope,false,[],other_documented_search_routes
odir2019,true,"[""kaggle""]",five_repository_searches
oimhs,false,[],other_documented_search_routes
olives,false,[],other_documented_search_routes
ophnet2024,false,[],other_documented_search_routes
ophora,false,[],other_documented_search_routes
ophthalmology_eqa_v3,true,"[""huggingface""]",five_repository_searches
ophthalmology_mcqa_v3,true,"[""huggingface""]",five_repository_searches
ophthalmology_pubmed_corpus,true,"[""huggingface""]",five_repository_searches
ophthalvqa,false,[],other_documented_search_routes
ophthalwechat,false,[],other_documented_search_routes
ophtho_readability,false,[],other_documented_search_routes
paired_retina,true,"[""huggingface""]",five_repository_searches
palm,false,[],other_documented_search_routes
papila,false,[],other_documented_search_routes
paraguay_dr,false,[],other_documented_search_routes
parkinsons_directional_oct,true,"[""figshare""]",five_repository_searches
parkinsons_outer_retinal_structure,true,"[""figshare""]",five_repository_searches
pco_namd,true,"[""figshare""]",five_repository_searches
perg_ioba,false,[],other_documented_search_routes
periorbital_segmentation,false,[],other_documented_search_routes
pimd_visual_preference_eye_tracking,true,"[""figshare""]",five_repository_searches
popeye_nir,false,[],other_documented_search_routes
post_glaucoma_surgery_ptosis_strabismus,true,"[""figshare""]",five_repository_searches
prime_fp20,false,[],other_documented_search_routes
pupillometry_eeg_fmri_salience,true,"[""figshare""]",five_repository_searches
puwf_av,true,"[""figshare""]",five_repository_searches
rao_fundus,true,"[""mendeley""]",five_repository_searches
rasti_oct,false,[],other_documented_search_routes
ravir,false,[],other_documented_search_routes
rbad,false,[],other_documented_search_routes
real_fundus,false,[],other_documented_search_routes
refuge1_multirater,false,[],other_documented_search_routes
refuge2,false,[],other_documented_search_routes
refuge2018,false,[],other_documented_search_routes
reta_benchmark,true,"[""figshare""]",five_repository_searches
retina_age_analysis,true,"[""huggingface""]",five_repository_searches
retinal_corrugations_oct,true,"[""mendeley""]",five_repository_searches
retinal_dr_longitudinal,true,"[""huggingface""]",five_repository_searches
retinal_oct_octa_two_subjects_processed,true,"[""kaggle""]",five_repository_searches
retinal_optic_flow_locomotion,true,"[""figshare""]",five_repository_searches
retinal_photoplethysmography_rnfl,true,"[""figshare""]",five_repository_searches
retinal_vessel_robustness,false,[],other_documented_search_routes
retouch,false,[],other_documented_search_routes
rfmid,true,"[""kaggle""]",five_repository_searches
rfmid2,false,[],other_documented_search_routes
riga,false,[],other_documented_search_routes
riga_plus,false,[],other_documented_search_routes
rimone_dl,true,"[""kaggle""]",five_repository_searches
rite,false,[],other_documented_search_routes
roc,false,[],other_documented_search_routes
rocc,false,[],other_documented_search_routes
rop_ostrava,true,"[""kaggle""]",five_repository_searches
rop_synthetic_mendeley,true,"[""mendeley""]",five_repository_searches
rop_uwf_intelligent,false,[],other_documented_search_routes
rop_vl,true,"[""figshare""]",five_repository_searches
rose,false,[],other_documented_search_routes
ru_medical_texts_ophthalmology,true,"[""kaggle""]",five_repository_searches
rvo_me,true,"[""figshare""]",five_repository_searches
sics155,false,[],other_documented_search_routes
slid,false,[],other_documented_search_routes
slid_e,true,"[""figshare""]",five_repository_searches
slp_vld,true,"[""figshare""]",five_repository_searches
smdg,true,"[""kaggle""]",five_repository_searches
soul_octa,true,"[""figshare""]",five_repository_searches
spectrosense_pupil_light_exposure,true,"[""figshare""]",five_repository_searches
stage_task1,false,[],other_documented_search_routes
stage_task2,false,[],other_documented_search_routes
stage_task3,false,[],other_documented_search_routes
stare,false,[],other_documented_search_routes
superccm_fineset,false,[],other_documented_search_routes
sustech_sysu,true,"[""figshare""]",five_repository_searches
sustech_sysu_corneal_ulcers,true,"[""figshare""]",five_repository_searches
syn_oct,false,[],other_documented_search_routes
synthetic_retinal_oct_biomarkers,true,"[""huggingface""]",five_repository_searches
tear_meniscus,false,[],other_documented_search_routes
teyed,false,[],other_documented_search_routes
thoct1800,false,[],other_documented_search_routes
thyroid_ophthalmopathy_external,true,"[""mendeley""]",five_repository_searches
tian_oct,false,[],other_documented_search_routes
tom500,true,"[""figshare""]",five_repository_searches
toxofundus,true,"[""kaggle""]",five_repository_searches
trend2_fundus,false,[],other_documented_search_routes
trend_fundus,false,[],other_documented_search_routes
tsukazaki_uwf,false,[],other_documented_search_routes
tunisian_retinal_oct_multidisease,true,"[""figshare""]",five_repository_searches
ubiris_v2,false,[],other_documented_search_routes
umn_parhi_oct,false,[],other_documented_search_routes
ut_fsocta,false,[],other_documented_search_routes
uveitis_smote,true,"[""mendeley""]",five_repository_searches
uwf_dr,false,[],other_documented_search_routes
uwf_dr_peng,true,"[""figshare""]",five_repository_searches
uwf_tumor,true,"[""figshare""]",five_repository_searches
uwf_zhejiang,true,"[""figshare""]",five_repository_searches
uwhvf,false,[],other_documented_search_routes
vietai_retinal_disease,false,[],other_documented_search_routes
visual_field_test_perception,true,"[""figshare""]",five_repository_searches
visual_field_testing_experiment,true,"[""kaggle""]",five_repository_searches
x_pcr,false,[],other_documented_search_routes
