record_id,canonical_name,official_source_url,dataset_identifier,deposit_version,source_archive_state,verification_result,download_completed,expected_bytes,downloaded_bytes,archive_member_count,archive_uncompressed_bytes,archive_integrity_confirmed,local_archive_sha256,source_checksum_available,temporary_dataset_files_retained,verification_date,notes
afio_fundus_vessels,AFIO Fundus Images for Vessel Segmentation and Disease Annotation,https://data.mendeley.com/datasets/3csr652p9y/2,3csr652p9y,2,available,complete_versioned_zip_verified,True,194039834,194039834,1,201029366,True,f37e80ff59f93e59583a297971f0727f204cde7951d3a63bc28e5be596bc4f3f,False,False,2026-08-03,The official versioned Download All ZIP matched the expected archive size and passed ZIP integrity inspection. The local SHA-256 identifies the downloaded archive; Mendeley did not provide an independent source checksum through this route.
amdnet23,AMDNet23 Fundus Image Dataset for AMD Detection,https://data.mendeley.com/datasets/yj35kjgrv3/1,yj35kjgrv3,1,available,complete_versioned_zip_verified,True,602201164,602201164,1994,616345245,True,76e88500d32df4ef40fb0fb19ee6cb4f9ac06b17fafd06230ae2eef94765a2d5,False,False,2026-08-03,The official versioned Download All ZIP matched the expected archive size and passed ZIP integrity inspection. The local SHA-256 identifies the downloaded archive; Mendeley did not provide an independent source checksum through this route.
anterior_segment_smile,Anterior Segment Parameters After SMILE Surgery,https://data.mendeley.com/datasets/vkdxsnhkrm/1,vkdxsnhkrm,1,available,complete_versioned_zip_verified,True,92839,92839,1,93947,True,fd5cc8d8cab0e03ff6d9ebe1c56c8a73f54956ef84561b846239f8f3ed8ad604,False,False,2026-08-03,The official versioned Download All ZIP matched the expected archive size and passed ZIP integrity inspection. The local SHA-256 identifies the downloaded archive; Mendeley did not provide an independent source checksum through this route.
bajwa_multi_eye,Bajwa Hospital Multi Eye Disease Dataset,https://data.mendeley.com/datasets/rgwpd4m785/3,rgwpd4m785,3,available,complete_versioned_zip_verified,True,1793502534,1793502534,1,1792977505,True,c8325de1a96bf81be5808b46b9527fa294f41bcd33530bfc5dbb5278d89b22cd,False,False,2026-08-03,The official versioned Download All ZIP matched the expected archive size and passed ZIP integrity inspection. The local SHA-256 identifies the downloaded archive; Mendeley did not provide an independent source checksum through this route.
bmrd,Bangladesh Multi-Disease Retinal Dataset,https://data.mendeley.com/datasets/959whsbc6v/1,959whsbc6v,1,available,complete_versioned_zip_verified,True,716566961,716566961,1,716609381,True,4541bc2f8576667d8971dc8f792c7614e5b929c3fa18717caba92d0a9ac992c9,False,False,2026-08-03,The official versioned Download All ZIP matched the expected archive size and passed ZIP integrity inspection. The local SHA-256 identifies the downloaded archive; Mendeley did not provide an independent source checksum through this route.
chronic_corneal_disorders,Chronic Corneal Disorders Clinical Dataset,https://data.mendeley.com/datasets/mcwv6thk8m/1,mcwv6thk8m,1,available,complete_versioned_zip_verified,True,16546,16546,1,18894,True,f65eb06715933e02629ea544c474fd45bfebfcda1b23b79423103cd152a8cd01,False,False,2026-08-03,The official versioned Download All ZIP matched the expected archive size and passed ZIP integrity inspection. The local SHA-256 identifies the downloaded archive; Mendeley did not provide an independent source checksum through this route.
corneal_curvature_fundus,Corneal Curvature Prediction Using Fundus Photography,https://data.mendeley.com/datasets/bc2jfr7dv9/1,bc2jfr7dv9,1,available,complete_versioned_zip_verified,True,12159219,12159219,1,12164447,True,1b4e7bc70692046a32625057d6b6730d81988232506a9dd331415863f662b19b,False,False,2026-08-03,The official versioned Download All ZIP matched the expected archive size and passed ZIP integrity inspection. The local SHA-256 identifies the downloaded archive; Mendeley did not provide an independent source checksum through this route.
corneal_epithelium_confocal,Keratoconus Corneal Epithelium Confocal Fluorescence Dataset,https://data.mendeley.com/datasets/n3gky25brh/2,n3gky25brh,2,available,complete_versioned_zip_verified,True,204152004,204152004,1,204089464,True,b8bd8652ed99573593106731366d3159862e8ee11b3e5d4de092ea806419ef16,False,False,2026-08-03,The official versioned Download All ZIP matched the expected archive size and passed ZIP integrity inspection. The local SHA-256 identifies the downloaded archive; Mendeley did not provide an independent source checksum through this route.
corneal_parameters_kc,Corneal Parameters Keratoconus Study,https://data.mendeley.com/datasets/3nz4fkwn3y/1,3nz4fkwn3y,1,available,complete_versioned_zip_verified,True,7696,7696,2,19673,True,ab468d98ffbc81503d23c1662a760c3c395f1d8c4e4772da0dc2d5a9a1e4275c,False,False,2026-08-03,The official versioned Download All ZIP matched the expected archive size and passed ZIP integrity inspection. The local SHA-256 identifies the downloaded archive; Mendeley did not provide an independent source checksum through this route.
corneal_tomography_iol,Multi-Parameter Corneal Tomography Dataset for IOL Selection,https://data.mendeley.com/datasets/wddj7bh9p9/1,wddj7bh9p9,1,available,complete_versioned_zip_verified,True,19227,19227,1,21389,True,51965be24c5a7ec0615fe5a8973b3f452c2730d330476da89bd0733390da00f1,False,False,2026-08-03,The official versioned Download All ZIP matched the expected archive size and passed ZIP integrity inspection. The local SHA-256 identifies the downloaded archive; Mendeley did not provide an independent source checksum through this route.
csc_fundus_segmentation,Central Serous Chorioretinopathy Fundus Segmentation Dataset,https://data.mendeley.com/datasets/4k64fwnp4k/5,4k64fwnp4k,5,available,complete_versioned_zip_verified,True,274795946,274795946,6,278273267,True,adc94c0ab6dff1eb52f7d3cfda3cbe2b5df72c98afac74c5e72c2173f9f278d9,False,False,2026-08-03,The official versioned Download All ZIP matched the expected archive size and passed ZIP integrity inspection. The local SHA-256 identifies the downloaded archive; Mendeley did not provide an independent source checksum through this route.
data_oct_fundus_glaucoma,Data on OCT and Fundus Images,https://data.mendeley.com/datasets/2rnnz5nz74/2,2rnnz5nz74,2,available,complete_versioned_zip_verified,True,34989922,34989922,199,35484232,True,45c59683147bb1e04a4b4d743ea8ba4396d67801968930595f3ed6974660a516,False,False,2026-08-03,The official versioned Download All ZIP matched the expected archive size and passed ZIP integrity inspection. The local SHA-256 identifies the downloaded archive; Mendeley did not provide an independent source checksum through this route.
external_eye_blepharitis,External Eye Photographs for Screening Referable Blepharitis,https://data.mendeley.com/datasets/bp37vw4z8d/1,bp37vw4z8d,1,available,complete_versioned_zip_verified,True,42027691,42027691,2,42021483,True,49123c8687a2e3b58a69768c5913ae1f3c6745a51d64d31cbb78bb19354bec1c,False,False,2026-08-03,The official versioned Download All ZIP matched the expected archive size and passed ZIP integrity inspection. The local SHA-256 identifies the downloaded archive; Mendeley did not provide an independent source checksum through this route.
eye_conjunctiva_segmentation,Eye Conjunctiva Segmentation Dataset,https://data.mendeley.com/datasets/yxwjgcndg2/1,yxwjgcndg2,1,available,complete_versioned_zip_verified,True,4577144882,4577144882,1641,4588188765,True,3876c56f1a8847be7ed97de9fb8ef605e6f165d7ad3465692a49f163c0d9fb1d,False,False,2026-08-03,The official versioned Download All ZIP matched the expected archive size and passed ZIP integrity inspection. The local SHA-256 identifies the downloaded archive; Mendeley did not provide an independent source checksum through this route.
eye_disease_image_mendeley,Eye Disease Image Dataset,https://data.mendeley.com/datasets/s9bfhswzjb/1,s9bfhswzjb,1,available,complete_versioned_zip_verified,True,3939804873,3939804873,2,3940192439,True,f22e2d9d5120ddf0fa7d419c1a50a5552c1d2d0b328e8928f19f4305e18ae6a6,False,False,2026-08-03,The official versioned Download All ZIP matched the expected archive size and passed ZIP integrity inspection. The local SHA-256 identifies the downloaded archive; Mendeley did not provide an independent source checksum through this route.
eyecatcher_visual_field,Eyecatcher Tablet-Based Visual Field Home-Monitoring Data,https://data.mendeley.com/datasets/swsfj47cxw/2,swsfj47cxw,2,available,complete_versioned_zip_verified,True,21074,21074,1,174735,True,d256d1aad5b75e3e2154e80a387f7decbbea97302981362b6e66dad1674bcbda,False,False,2026-08-03,The official versioned Download All ZIP matched the expected archive size and passed ZIP integrity inspection. The local SHA-256 identifies the downloaded archive; Mendeley did not provide an independent source checksum through this route.
fimd,Fundus Image Myopia Development Dataset,https://data.mendeley.com/datasets/jkzsh6pcv4/1,jkzsh6pcv4,1,available,complete_versioned_zip_verified,True,152456326,152456326,3,152467426,True,75e1b14b2037dccac193d294ec37f631f77205f8e00c90a68ed100d3f02bdde1,False,False,2026-08-03,The official versioned Download All ZIP matched the expected archive size and passed ZIP integrity inspection. The local SHA-256 identifies the downloaded archive; Mendeley did not provide an independent source checksum through this route.
fociset_pamm,FociSet PAMM OCT Lesion Dataset,https://data.mendeley.com/datasets/mkwxn7rjpm/2,mkwxn7rjpm,2,available,complete_versioned_zip_verified,True,55490480,55490480,1,55514014,True,a57418267d4e532c6b24033e8e915bffe815ddad78ffd03263a4657ba23d2a20,False,False,2026-08-03,The official versioned Download All ZIP matched the expected archive size and passed ZIP integrity inspection. The local SHA-256 identifies the downloaded archive; Mendeley did not provide an independent source checksum through this route.
ghana_eye_screening,Eye Screening Data for First-Year University Students in Ghana,https://data.mendeley.com/datasets/mfv6sb5wyc/4,mfv6sb5wyc,4,available,complete_versioned_zip_verified,True,3466504,3466504,3,3582699,True,b576fe6a683cc76f2ca4434cf4c34b7f3fb3d65d750bfd088f32ce5269db19e7,False,False,2026-08-03,The official versioned Download All ZIP matched the expected archive size and passed ZIP integrity inspection. The local SHA-256 identifies the downloaded archive; Mendeley did not provide an independent source checksum through this route.
hassan_composite_retina,Composite Retinal Fundus and OCT Dataset with Clinical Markings,https://data.mendeley.com/datasets/trghs22fpg/4,trghs22fpg,4,available,complete_versioned_zip_verified,True,1539361597,1539361597,1,1539330966,True,c6b2265dac8abffc313a44b5179a1186bbe688e9aed48b2e535a2764b72f90fa,False,False,2026-08-03,The official versioned Download All ZIP matched the expected archive size and passed ZIP integrity inspection. The local SHA-256 identifies the downloaded archive; Mendeley did not provide an independent source checksum through this route.
leops_erg,LEOPs Light-Adapted Electroretinogram and Oscillatory Potentials Dataset,https://data.mendeley.com/datasets/w3yx7hdds7/1,w3yx7hdds7,1,available,complete_versioned_zip_verified,True,130584011,130584011,1,131403201,True,6d88933ebd653a750f0219721fb5b242bc7f421ef9e21fc879f9276b908b0e31,False,False,2026-08-03,The official versioned Download All ZIP matched the expected archive size and passed ZIP integrity inspection. The local SHA-256 identifies the downloaded archive; Mendeley did not provide an independent source checksum through this route.
mendeley_3_year_follow_up_optic_neuritis,a 3-year follow-up of optic neuritis phenotypes in Chinese cohort,https://data.mendeley.com/datasets/zvb55v8mzw,zvb55v8mzw,1,available,complete_versioned_zip_verified,True,23037,23037,1,103931,True,efdd0c508e877542cc09446e01b4dd1106bbbb35b146df2b0a1459e33a3199cb,False,False,2026-08-03,The official versioned Download All ZIP matched the expected archive size and passed ZIP integrity inspection. The local SHA-256 identifies the downloaded archive; Mendeley did not provide an independent source checksum through this route.
mendeley_adjuvant_ketorolac_dexamethasone_hypoxic_human_retinal,Adjuvant Ketorolac and Dexamethasone + Hypoxic Human Retinal Pigment Epithelium (RPE) and Endothelial Cells (HREC),https://data.mendeley.com/datasets/xzf382pby9,xzf382pby9,1,available,complete_versioned_zip_verified,True,6369,6369,4,8802,True,1fb729bd9647d8b68efea3771c76c8f02bd8e08d83561f9ef0bffc93314a9e8b,False,False,2026-08-03,The official versioned Download All ZIP matched the expected archive size and passed ZIP integrity inspection. The local SHA-256 identifies the downloaded archive; Mendeley did not provide an independent source checksum through this route.
mendeley_analysis_macular_pigment_carotenoids_human_blood,Analysis of macular pigment carotenoids in human blood serum of glaucoma patients as a measure of ocular health: A Raman spectroscopic study,https://data.mendeley.com/datasets/8pwpbcrjd8,8pwpbcrjd8,1,available,complete_versioned_zip_verified,True,9184269,9184269,1,9478954,True,4e47230e86ff9adbd598db7b45ece1f464e99d11f16febdbd9b348ddb4fa97a1,False,False,2026-08-03,The official versioned Download All ZIP matched the expected archive size and passed ZIP integrity inspection. The local SHA-256 identifies the downloaded archive; Mendeley did not provide an independent source checksum through this route.
mendeley_annotated_infant_fundus_images_object_detection,Annotated Infant Fundus Images for Object Detection of Key Structures (Optic Disk and Macula),https://data.mendeley.com/datasets/9kvk7nkhx6,9kvk7nkhx6,4,available,complete_versioned_zip_verified,True,1249251773,1249251773,3010,1294987375,True,b068b45498a0b7e2776e3eb56ef2d2884669c7c94cd79cb9b19cfc5cfe008900,False,False,2026-08-03,The official versioned Download All ZIP matched the expected archive size and passed ZIP integrity inspection. The local SHA-256 identifies the downloaded archive; Mendeley did not provide an independent source checksum through this route.
mendeley_anterior_segment_optical_coherence_tomography_angiography,Data for: Anterior Segment Optical Coherence Tomography Angiography Imaging of Conjunctiva and Intrasclera in Treated Primary Open-Angle Glaucoma,https://data.mendeley.com/datasets/tsh3xwbkkg,tsh3xwbkkg,2,available,complete_versioned_zip_verified,True,22455,22455,1,25625,True,6c74550ebdb7d6b85088cf07ffbd302deae173ef9a059151433e99eb7545f7b8,False,False,2026-08-03,The official versioned Download All ZIP matched the expected archive size and passed ZIP integrity inspection. The local SHA-256 identifies the downloaded archive; Mendeley did not provide an independent source checksum through this route.
mendeley_application_machine_learning_detecting_iron_deficiency,Application of Machine Learning in Detecting Iron Deficiency Anemia Using  Conjunctiva image Dataset from Ghana,https://data.mendeley.com/datasets/nt7r8hv2pz,nt7r8hv2pz,1,available,complete_versioned_zip_verified,True,45875429,45875429,4262,44395171,True,58ff8503fbb3d682e067c49b2871efcd4f3f58934fc078464b63e3752c7b7228,False,False,2026-08-03,The official versioned Download All ZIP matched the expected archive size and passed ZIP integrity inspection. The local SHA-256 identifies the downloaded archive; Mendeley did not provide an independent source checksum through this route.
mendeley_biochemical_parameters_tear_fluid_chemical_burns,Dataset of biochemical parameters of tear fluid in chemical burns,https://data.mendeley.com/datasets/zhk775h6n4,zhk775h6n4,1,available,complete_versioned_zip_verified,True,629556,629556,39,761620,True,157c04b6c0c1399f30ec8818a9e4c5a314efd4723651a96d4c96e41dab69e540,False,False,2026-08-03,The official versioned Download All ZIP matched the expected archive size and passed ZIP integrity inspection. The local SHA-256 identifies the downloaded archive; Mendeley did not provide an independent source checksum through this route.
mendeley_biomechanical_properties_adult_patients_high_myopia,"Biomechanical properties of adult patients with high myopia after implantable collamer lens (ICL, V4) implantation",https://data.mendeley.com/datasets/yry4r9y9v5,yry4r9y9v5,1,available,complete_versioned_zip_verified,True,320580,320580,3,327482,True,1a7bbc36355b2913d42e54c567a8b864b9b3e43f35a4eccd027ba6ab4ba1f5c8,False,False,2026-08-03,The official versioned Download All ZIP matched the expected archive size and passed ZIP integrity inspection. The local SHA-256 identifies the downloaded archive; Mendeley did not provide an independent source checksum through this route.
mendeley_blinking_its_relationship_ocular_surface_digital,Blinking and its relationship with the ocular surface and digital device use in school aged children ,https://data.mendeley.com/datasets/vyb5fv6ppp,vyb5fv6ppp,1,available,complete_versioned_zip_verified,True,41857,41857,1,44893,True,ddb121cd8e02618bedcc9c743a7d448ba1b2e88618c8495266dd6a1eabcb07cf,False,False,2026-08-03,The official versioned Download All ZIP matched the expected archive size and passed ZIP integrity inspection. The local SHA-256 identifies the downloaded archive; Mendeley did not provide an independent source checksum through this route.
mendeley_cell_types_human_retina_its_organoids,Cell types of the human retina and its organoids at single-cell resolution. Cowan et al,https://data.mendeley.com/datasets/sm67hr5bpm,sm67hr5bpm,1,available,complete_versioned_zip_verified,True,2634423250,2634423250,18,4570244984,True,2bdb1621183bcda18daed95910c477230997f0d36648ba12a0870d989dc45807,False,False,2026-08-03,The official versioned Download All ZIP matched the expected archive size and passed ZIP integrity inspection. The local SHA-256 identifies the downloaded archive; Mendeley did not provide an independent source checksum through this route.
mendeley_changes_retinal_photosensitivity_diabetic_retinopathy_therapy,Changes in retinal photosensitivity in diabetic retinopathy therapy,https://data.mendeley.com/datasets/tsf8b4yj3j,tsf8b4yj3j,1,available,complete_versioned_zip_verified,True,962083,962083,7,994859,True,036fed23b2356cc0562495f0b19d629c14314e3851569f4ff3b8476a0b6b326b,False,False,2026-08-03,The official versioned Download All ZIP matched the expected archive size and passed ZIP integrity inspection. The local SHA-256 identifies the downloaded archive; Mendeley did not provide an independent source checksum through this route.
mendeley_chemical_reprogramming_fibroblasts_into_functional_retinal,Chemical Reprogramming of Fibroblasts into Functional Retinal Pigment Epithelium Cells,https://data.mendeley.com/datasets/sg2rywwwxb,sg2rywwwxb,1,available,complete_versioned_zip_verified,True,800743764,800743764,13,802349559,True,7c910ba912ef408e3d22a3ca078435d4b8a564329310665e11a5045465a22962,False,False,2026-08-03,The official versioned Download All ZIP matched the expected archive size and passed ZIP integrity inspection. The local SHA-256 identifies the downloaded archive; Mendeley did not provide an independent source checksum through this route.
mendeley_clinical_application_cyanoacrylate_tissue_adhesive_pediatric,Clinical Application of Cyanoacrylate Tissue Adhesive in Pediatric Ophthalmic Emergency: A Randomized Controlled Study,https://data.mendeley.com/datasets/ctnygyvwt5,ctnygyvwt5,1,available,complete_versioned_zip_verified,True,24529,24529,1,25937,True,2ae544997c7af6b35d01bec74c518ad40aab493295aed52bd9265725fb6da345,False,False,2026-08-03,The official versioned Download All ZIP matched the expected archive size and passed ZIP integrity inspection. The local SHA-256 identifies the downloaded archive; Mendeley did not provide an independent source checksum through this route.
mendeley_clinical_assessment_scleral_canal_expansion_glaucoma,Data for: Clinical Assessment of Scleral Canal Expansion in Glaucoma Using Spectral Domain Optical Coherence Tomography,https://data.mendeley.com/datasets/7x3tgtskyj,7x3tgtskyj,2,available,complete_versioned_zip_verified,True,11108,11108,4,22494,True,b26e7c144ebd35150196c59a59b8baff7e2d003fdedd9e3396b067b12d171930,False,False,2026-08-03,The official versioned Download All ZIP matched the expected archive size and passed ZIP integrity inspection. The local SHA-256 identifies the downloaded archive; Mendeley did not provide an independent source checksum through this route.
mendeley_code_manuscript_fixational_eye_movements_as,Data and code for manuscript: Fixational eye movements as active sensation for high visual acuity,https://data.mendeley.com/datasets/p7dyyrfds6,p7dyyrfds6,2,available,complete_versioned_zip_verified,True,41689690,41689690,2894,42624472,True,a279e917f8a3b8a9a835ff26f1ab936e66bfe5e1b7d51d9bb72c5ac422d877f3,False,False,2026-08-03,The official versioned Download All ZIP matched the expected archive size and passed ZIP integrity inspection. The local SHA-256 identifies the downloaded archive; Mendeley did not provide an independent source checksum through this route.
mendeley_comparison_aqueous_humor_levels_plgf_vegf,Data for: Comparison of aqueous humor levels of PlGF and VEGF in proliferative diabetic retinopathy before and after intravitreal conbercept injection,https://data.mendeley.com/datasets/wtcc9fcjdy,wtcc9fcjdy,1,available,complete_versioned_zip_verified,True,186054,186054,2,342729,True,a2ba91f573dab3b6eb90f1d8eb04ffea2aaacb36f25cb1374ebe6327fed35690,False,False,2026-08-03,The official versioned Download All ZIP matched the expected archive size and passed ZIP integrity inspection. The local SHA-256 identifies the downloaded archive; Mendeley did not provide an independent source checksum through this route.
mendeley_comparison_cervical_ocular_vestibular_evoked_myogenic,Comparison of Cervical and Ocular Vestibular Evoked Myogenic Potentials Among Individuals with Hearing Impairment Aged 50–70 Years,https://data.mendeley.com/datasets/2jkhncb5kw,2jkhncb5kw,1,available,complete_versioned_zip_verified,True,20711,20711,2,25170,True,56105ddc9e509416734be8362100a7beb241d9dfc87a3be197211849bed74fd5,False,False,2026-08-03,The official versioned Download All ZIP matched the expected archive size and passed ZIP integrity inspection. The local SHA-256 identifies the downloaded archive; Mendeley did not provide an independent source checksum through this route.
mendeley_comparison_clinical_outcomes_visual_quality_visual,"Comparison of clinical outcomes, visual quality and visual function of two presbyopia-correcting intraocular lenses made from the same material, but with different design and optics",https://data.mendeley.com/datasets/y6n5k7s6f7,y6n5k7s6f7,1,available,complete_versioned_zip_verified,True,341499,341499,1,1366528,True,fae086d58a387a1c939e1572eb0eebfbaaf7a9cc60b9d03e455d59ee94d77de2,False,False,2026-08-03,The official versioned Download All ZIP matched the expected archive size and passed ZIP integrity inspection. The local SHA-256 identifies the downloaded archive; Mendeley did not provide an independent source checksum through this route.
mendeley_comparison_ocular_biometry_using_new_opticalcoherence,Comparison of ocular biometry using new OpticalCoherence Tomography-based Optical Biometer with Other Device. ,https://data.mendeley.com/datasets/kwv73shvxh,kwv73shvxh,1,available,complete_versioned_zip_verified,True,121470,121470,1,121048,True,2cde8b0f67a7d7e0016a18fbd6a468c4d7a24dbcded613e8382af0f35aebfe68,False,False,2026-08-03,The official versioned Download All ZIP matched the expected archive size and passed ZIP integrity inspection. The local SHA-256 identifies the downloaded archive; Mendeley did not provide an independent source checksum through this route.
mendeley_comparison_retinal_choroidal_vascular_changes_via,Comparison of retinal and choroidal vascular changes via optical coherence tomography angiography between Pseudoexfoliative glaucoma and Pseudoexfoliative syndrome and control group,https://data.mendeley.com/datasets/3m8fcfmp9j,3m8fcfmp9j,1,available,complete_versioned_zip_verified,True,16990,16990,1,18935,True,034ed19d79afcfa23bfa45bfdb931534d1c981aee5065039d103848513e64f8c,False,False,2026-08-03,The official versioned Download All ZIP matched the expected archive size and passed ZIP integrity inspection. The local SHA-256 identifies the downloaded archive; Mendeley did not provide an independent source checksum through this route.
mendeley_comparison_two_novel_comfilcon_contact_lens,Comparison of Two Novel Comfilcon A Contact Lens Designs in the Management of Computer Vision Syndrome: A Pilot Study ,https://data.mendeley.com/datasets/fnbxs7gb82,fnbxs7gb82,1,available,complete_versioned_zip_verified,True,49758,49758,1,73785,True,306cf22cb02415db1cab03c2aec81f59860663a5459d204246adac4b3e2d6aab,False,False,2026-08-03,The official versioned Download All ZIP matched the expected archive size and passed ZIP integrity inspection. The local SHA-256 identifies the downloaded archive; Mendeley did not provide an independent source checksum through this route.
mendeley_conjunctival_melanoma_detection_using_deep_learning,Conjunctival melanoma detection using deep learning in smartphone images,https://data.mendeley.com/datasets/t75wjsw6bw,t75wjsw6bw,2,available,complete_versioned_zip_verified,True,78861144,78861144,1,78867645,True,d89a606b04b0f59696cea896b5ca3f3eb8a2a02b3b19394c9bc17ab89fda2912,False,False,2026-08-03,The official versioned Download All ZIP matched the expected archive size and passed ZIP integrity inspection. The local SHA-256 identifies the downloaded archive; Mendeley did not provide an independent source checksum through this route.
mendeley_contrast_sensitivity_visual_acuity_multifocal_contact,Data for: Contrast sensitivity and visual acuity with multifocal contact lenses with high additions dedicated for myopia progression control ,https://data.mendeley.com/datasets/j5cw4wn23y,j5cw4wn23y,1,available,complete_versioned_zip_verified,True,22135,22135,1,25128,True,70b63d5f7c768f371f96a8565a671aec0f313f0ee3ab0776dd78ac31a374c6a9,False,False,2026-08-03,The official versioned Download All ZIP matched the expected archive size and passed ZIP integrity inspection. The local SHA-256 identifies the downloaded archive; Mendeley did not provide an independent source checksum through this route.
mendeley_corneal_higher_order_aberrations_stevens_johnson,Data for: Corneal Higher-order Aberrations in Stevens-Johnson Syndrome and Toxic Epidermal Necrolysis,https://data.mendeley.com/datasets/2k96xky4rf,2k96xky4rf,1,available,complete_versioned_zip_verified,True,261102,261102,1,263653,True,68f4bd5dd6eec0d4b4498e641e0f2c363f54b4d31e1cf966988b8c124809d7b6,False,False,2026-08-03,The official versioned Download All ZIP matched the expected archive size and passed ZIP integrity inspection. The local SHA-256 identifies the downloaded archive; Mendeley did not provide an independent source checksum through this route.
mendeley_corneal_refractive_parameters_age_patients_without,corneal refractive parameters with age in patients without corneal diseases based on Fourier analysis ,https://data.mendeley.com/datasets/yr8hbwmsvy,yr8hbwmsvy,1,available,complete_versioned_zip_verified,True,84806,84806,1,414621,True,053e372ac41287e76c3ef311c1e0a916cb1c7c7f77fdeb6ad4464691c52bf2f3,False,False,2026-08-03,The official versioned Download All ZIP matched the expected archive size and passed ZIP integrity inspection. The local SHA-256 identifies the downloaded archive; Mendeley did not provide an independent source checksum through this route.
mendeley_cost_effectiveness_limited_vitrectomy_vision_degrading,Data for: Cost Effectiveness of Limited Vitrectomy for Vision Degrading Myodesopsia,https://data.mendeley.com/datasets/487dpg7v38,487dpg7v38,1,available,complete_versioned_zip_verified,True,43557,43557,1,45909,True,acecc2ff99ed956469b860f5227dc5105b9479b726adb91880a016766dddbd45,False,False,2026-08-03,The official versioned Download All ZIP matched the expected archive size and passed ZIP integrity inspection. The local SHA-256 identifies the downloaded archive; Mendeley did not provide an independent source checksum through this route.
mendeley_cp_anemic_conjunctival_pallor_ghana,CP-AnemiC (A Conjunctival Pallor) Dataset from Ghana,https://data.mendeley.com/datasets/m53vz6b7fx,m53vz6b7fx,1,available,complete_versioned_zip_verified,True,8080717,8080717,1,8281392,True,6ce162ce85e8253d6b31eb23f7e7c092608316d252bc4db8e092de8ed1ca2a74,False,False,2026-08-03,The official versioned Download All ZIP matched the expected archive size and passed ZIP integrity inspection. The local SHA-256 identifies the downloaded archive; Mendeley did not provide an independent source checksum through this route.
mendeley_cust_iris,CUST-Iris,https://data.mendeley.com/datasets/3j6skjpsng,3j6skjpsng,2,available,complete_versioned_zip_verified,True,66837910,66837910,1,67766728,True,2f784b89cfe6789eb98e85d0bb03e0a3e3ce3606ab531fb3e0b280a87ccfd097,False,False,2026-08-03,The official versioned Download All ZIP matched the expected archive size and passed ZIP integrity inspection. The local SHA-256 identifies the downloaded archive; Mendeley did not provide an independent source checksum through this route.
mendeley_deep_learning_prediction_uncorrected_refractive_error,Deep Learning for the Prediction of Uncorrected Refractive Error using OCT,https://data.mendeley.com/datasets/89z7h5gnpw,89z7h5gnpw,2,available,complete_versioned_zip_verified,True,4938285,4938285,9,5790168,True,fb016380f5e270bfbe69411bb3f163014ce84fcd9c9c1997d11b2589cb4c4d3b,False,False,2026-08-03,The official versioned Download All ZIP matched the expected archive size and passed ZIP integrity inspection. The local SHA-256 identifies the downloaded archive; Mendeley did not provide an independent source checksum through this route.
mendeley_demographic_profile_clinical_characteristics_patients_presenting,Demographic profile and clinical characteristics of patients presenting with acute ocular burns,https://data.mendeley.com/datasets/hwnm88jyzg,hwnm88jyzg,1,available,complete_versioned_zip_verified,True,291360,291360,2,311066,True,9dc468f0daf6ae1987a1a5e2af135ec121c638c1ee63a53bcfa1e2b0c2355ddf,False,False,2026-08-03,The official versioned Download All ZIP matched the expected archive size and passed ZIP integrity inspection. The local SHA-256 identifies the downloaded archive; Mendeley did not provide an independent source checksum through this route.
mendeley_development_deep_learning_based_system_optic,Dataset for - Development of a Deep Learning-based system for Optic Nerve characterization in Transorbital Ultrasound Images on a multicenter dataset,https://data.mendeley.com/datasets/kw8gvp8m8x,kw8gvp8m8x,1,available,complete_versioned_zip_verified,True,6838621156,6838621156,1,6839479587,True,81dd9218928202f942e93e2fc73683c80aca83049a399a5bad28e381468b8db3,False,False,2026-08-03,The official versioned Download All ZIP matched the expected archive size and passed ZIP integrity inspection. The local SHA-256 identifies the downloaded archive; Mendeley did not provide an independent source checksum through this route.
mendeley_development_deep_learning_model_epiretinal_membrane,Development of a deep learning model for epiretinal membrane detection in fundus photography,https://data.mendeley.com/datasets/jrgntpv8b8,jrgntpv8b8,1,available,complete_versioned_zip_verified,True,1432114,1432114,20,1425750,True,4cb100362a34450bf0c86d9b71650dec23fcf7ad6b9c7f68b0a8af844315eee5,False,False,2026-08-03,The official versioned Download All ZIP matched the expected archive size and passed ZIP integrity inspection. The local SHA-256 identifies the downloaded archive; Mendeley did not provide an independent source checksum through this route.
mendeley_dex_combined_ppv_pdr,DEX combined PPV in PDR,https://data.mendeley.com/datasets/zcmpcczdhs,zcmpcczdhs,1,available,complete_versioned_zip_verified,True,180822,180822,4,265546,True,99c79e1e159a781ba77b6c284bfed80ca5e96722cb7618076f9d5fddd58e777e,False,False,2026-08-03,The official versioned Download All ZIP matched the expected archive size and passed ZIP integrity inspection. The local SHA-256 identifies the downloaded archive; Mendeley did not provide an independent source checksum through this route.
mendeley_difference_retinal_nerve_fiber_layer_thickness,Data for: Difference of the Retinal Nerve Fiber Layer Thickness Assessed on the Disc Center and Bruch’s Membrane Opening Center in Myopic Eyes,https://data.mendeley.com/datasets/dtz8wmt5xt,dtz8wmt5xt,1,available,complete_versioned_zip_verified,True,5457,5457,1,12112,True,d195c9ae7e4f4400092e89709c757047a19d75b636f0f7b49ee2491482bf9966,False,False,2026-08-03,The official versioned Download All ZIP matched the expected archive size and passed ZIP integrity inspection. The local SHA-256 identifies the downloaded archive; Mendeley did not provide an independent source checksum through this route.
mendeley_digital_holograms_rbcs_glaucoma_patients_healthy,Digital holograms of RBCs from the glaucoma patients and healthy controls,https://data.mendeley.com/datasets/tryd7r3wct,tryd7r3wct,3,available,complete_versioned_zip_verified,True,4656786686,4656786686,1066,5987805148,True,090621b32f7967b5039ee0309f212c4cae31ba3c8b659358cb3377ab8cee5b70,False,False,2026-08-03,The official versioned Download All ZIP matched the expected archive size and passed ZIP integrity inspection. The local SHA-256 identifies the downloaded archive; Mendeley did not provide an independent source checksum through this route.
mendeley_dme_classification_fundus_imaging_vision_transformers,DME Classification in Fundus Imaging with Vision Transformers and ETDRS-Guided Annotation,https://data.mendeley.com/datasets/sdcfn87pvs,sdcfn87pvs,1,available,complete_versioned_zip_verified,True,1053540233,1053540233,61,1139919279,True,9efe470db5aa67d241a702d624bcb10305757efa67564a252f3bae13fb087748,False,False,2026-08-03,The official versioned Download All ZIP matched the expected archive size and passed ZIP integrity inspection. The local SHA-256 identifies the downloaded archive; Mendeley did not provide an independent source checksum through this route.
mendeley_dry_eye_symptoms_children_can_we,Dry eye symptoms in children: can we reliably measure them?,https://data.mendeley.com/datasets/h79366vw73,h79366vw73,1,available,complete_versioned_zip_verified,True,36954,36954,1,42073,True,4d8c61809283a54356a576da682dc3ef5baf255a9790f3a6ca0f8dfbd0172055,False,False,2026-08-03,The official versioned Download All ZIP matched the expected archive size and passed ZIP integrity inspection. The local SHA-256 identifies the downloaded archive; Mendeley did not provide an independent source checksum through this route.
mendeley_early_detection_glaucomatous_visual_field_progression,Data for: Early Detection of Glaucomatous Visual Field Progression Using Pointwise Linear Regression with Binomial Test in the Central 10 Degrees,https://data.mendeley.com/datasets/w34s5mhvpm,w34s5mhvpm,1,available,complete_versioned_zip_verified,True,81660,81660,1,392320,True,5fdeeda56516fcb9742827562e6785c4a56a540ac7348c7705d7852bf9642452,False,False,2026-08-03,The official versioned Download All ZIP matched the expected archive size and passed ZIP integrity inspection. The local SHA-256 identifies the downloaded archive; Mendeley did not provide an independent source checksum through this route.
mendeley_effect_adlay_seed_extract_on_level,Effect of Adlay Seed Extract on the Level of Neuroprotection Gene Expression in Human Nasal Orbital Mesenchymal Stem Cells ,https://data.mendeley.com/datasets/x7rcj9yz65,x7rcj9yz65,1,available,complete_versioned_zip_verified,True,178781,178781,2,591909,True,955c7a6478329518aeba17bc53a338589fa91cc3bcefb7829b6b43efe0dbdf17,False,False,2026-08-03,The official versioned Download All ZIP matched the expected archive size and passed ZIP integrity inspection. The local SHA-256 identifies the downloaded archive; Mendeley did not provide an independent source checksum through this route.
mendeley_effect_central_hole_location_phakic_intraocular,Data for: Effect of Central Hole Location of Phakic Intraocular Lens on Visual Function under Progressive Headlight Glare Sources.,https://data.mendeley.com/datasets/jjknx3wbkf,jjknx3wbkf,1,available,complete_versioned_zip_verified,True,14757,14757,1,17053,True,b9287dc752eb1cf8a41986f1f913d58e3bcfcf6164f65a89679a1f9e6e9e9708,False,False,2026-08-03,The official versioned Download All ZIP matched the expected archive size and passed ZIP integrity inspection. The local SHA-256 identifies the downloaded archive; Mendeley did not provide an independent source checksum through this route.
mendeley_effect_one_hour_smartphone_gaming_on,"The effect of one hour smartphone gaming on blinking, ocular symptoms and tear film function in school-aged children ",https://data.mendeley.com/datasets/zn64p6r992,zn64p6r992,1,controlled_access,controlled_access_required,False,,,,,,,False,False,,The official source marks this record as confidential. No download is reported because source authorization was not obtained.
mendeley_effect_prednisone_plus_either_adalimumab_or,Effect of prednisone plus either adalimumab or cyclosporine on dermatological symptoms in Vogt-Koyanagi-Harada disease: systemic outcomes from a randomized trial,https://data.mendeley.com/datasets/yzv3mrvwf4,yzv3mrvwf4,1,available,complete_versioned_zip_verified,True,225732,225732,1,270743,True,85576d5926307bc248947847be52892837034d5b4b30b351de5bce52382f8aa4,False,False,2026-08-03,The official versioned Download All ZIP matched the expected archive size and passed ZIP integrity inspection. The local SHA-256 identifies the downloaded archive; Mendeley did not provide an independent source checksum through this route.
mendeley_effects_implantable_collamer_lens_icl_implantation,The effects of implantable collamer lens ICL implantation in high myopia patients’ mental health,https://data.mendeley.com/datasets/t6pmbvkvtd,t6pmbvkvtd,2,available,complete_versioned_zip_verified,True,82300,82300,4,142247,True,9b9582b9ef2a5bc4bcb7e5b6c9367b3765cd4a5a4e3e81e3380d79a415324579,False,False,2026-08-03,The official versioned Download All ZIP matched the expected archive size and passed ZIP integrity inspection. The local SHA-256 identifies the downloaded archive; Mendeley did not provide an independent source checksum through this route.
mendeley_efficacy_combined_orthokeratology_0_01_atropine,Dataset for: Efficacy of combined orthokeratology and 0.01% atropine solution for slowing axial elongation in children with myopia: a 2-year randomised trial,https://data.mendeley.com/datasets/y58rh8bfkv,y58rh8bfkv,7,available,complete_versioned_zip_verified,True,106903,106903,1,110430,True,76499834db2a640c178c09f94563df44dc491ec18f775401cd16f86f806a7079,False,False,2026-08-03,The official versioned Download All ZIP matched the expected archive size and passed ZIP integrity inspection. The local SHA-256 identifies the downloaded archive; Mendeley did not provide an independent source checksum through this route.
mendeley_electrooculography_eog_blink_analysis_ocular_fatigue,Electrooculography (EOG) Dataset for Blink Analysis and Ocular Fatigue Detection,https://data.mendeley.com/datasets/w7hm97cts5,w7hm97cts5,2,available,complete_versioned_zip_verified,True,2716217,2716217,5,12815189,True,0d4d95b5b07adf0eaf6b221b760d4922d7605f54a2c2956e178fef896641aef8,False,False,2026-08-03,The official versioned Download All ZIP matched the expected archive size and passed ZIP integrity inspection. The local SHA-256 identifies the downloaded archive; Mendeley did not provide an independent source checksum through this route.
mendeley_et_pd_vis_eye_tracking_visualization,ET_PD_VIS: Eye Tracking Visualization Dataset on Trail Making Test for Parkinson’s Disease Analysis ,https://data.mendeley.com/datasets/83htprx9y6,83htprx9y6,1,available,complete_versioned_zip_verified,True,72222368,72222368,360,76689136,True,0d6dc2920ef1879561b37b7e42a0c4c544c48c03172a366bd065f9ea4a27f488,False,False,2026-08-03,The official versioned Download All ZIP matched the expected archive size and passed ZIP integrity inspection. The local SHA-256 identifies the downloaded archive; Mendeley did not provide an independent source checksum through this route.
mendeley_evaluation_dry_eye_severity_ocular_surface,Evaluation of dry eye severity and ocular surface inflammation in patients with pemphigus and pemphigoid,https://data.mendeley.com/datasets/zzgw9t9jsy,zzgw9t9jsy,1,available,complete_versioned_zip_verified,True,23020,23020,1,25547,True,f5ea4b94ed0d7ce7a7fe4a08f4b59428fdb1d40a86dd5966c2b643900d6a744d,False,False,2026-08-03,The official versioned Download All ZIP matched the expected archive size and passed ZIP integrity inspection. The local SHA-256 identifies the downloaded archive; Mendeley did not provide an independent source checksum through this route.
mendeley_evaluation_refractive_visual_outcomes_as_well,"Evaluation of refractive and visual outcomes, as well as astigmatism-correcting efficiency and rotational stability of a double-loop haptic toric intraocular lens - a one-year follow-up",https://data.mendeley.com/datasets/r2v99nw7vg,r2v99nw7vg,1,available,complete_versioned_zip_verified,True,29702,29702,1,31774,True,ed273743c7b6fab86878049743d48747733b92a21d21d185bf6880527c22b5dd,False,False,2026-08-03,The official versioned Download All ZIP matched the expected archive size and passed ZIP integrity inspection. The local SHA-256 identifies the downloaded archive; Mendeley did not provide an independent source checksum through this route.
mendeley_exome_sequencing_clec3b,Exome sequencing data for CLEC3B,https://data.mendeley.com/datasets/xcw5x5z49r,xcw5x5z49r,1,blocked_by_source,source_blocked_by_author,False,,,,,,,False,False,,The official public snapshot returned HTTP 451 and reports that access is blocked at the author's request.
mendeley_fferg_reference_healthy_controls_university_eye,ffERG Reference Data from Healthy Controls (University Eye Hospital Tuebingen),https://data.mendeley.com/datasets/37wxt2ybvj,37wxt2ybvj,1,available,complete_versioned_zip_verified,True,39651,39651,1,43829,True,c44ce2e4ff9411e8eb5b0091ae40c68ede9a89e759253d26e5bcbb487c7a4abc,False,False,2026-08-03,The official versioned Download All ZIP matched the expected archive size and passed ZIP integrity inspection. The local SHA-256 identifies the downloaded archive; Mendeley did not provide an independent source checksum through this route.
mendeley_foveal_cone_photoreceptor_outer_segment_length,Foveal cone photoreceptor outer segment length and cone density,https://data.mendeley.com/datasets/89rykrg8j2,89rykrg8j2,1,available,complete_versioned_zip_verified,True,7196525899,7196525899,66,7200737912,True,b153137b23f2450bc11b48135f2371760b388e77af249f45a7626e2fcbf8eeee,False,False,2026-08-03,The official versioned Download All ZIP matched the expected archive size and passed ZIP integrity inspection. The local SHA-256 identifies the downloaded archive; Mendeley did not provide an independent source checksum through this route.
mendeley_fundus_autofluorescence_premature_infants,Fundus Autofluorescence in Premature Infants,https://data.mendeley.com/datasets/k5jsssjtmz,k5jsssjtmz,1,available,complete_versioned_zip_verified,True,286765293,286765293,2,287115333,True,150bac6e03430acc004b0bbbbb1afe77cef9fbbcb32eadd2bf4adc0916026180,False,False,2026-08-03,The official versioned Download All ZIP matched the expected archive size and passed ZIP integrity inspection. The local SHA-256 identifies the downloaded archive; Mendeley did not provide an independent source checksum through this route.
mendeley_fundus_mctn,Fundus dataset of MCTN,https://data.mendeley.com/datasets/spz4b8tbzt,spz4b8tbzt,1,available,complete_versioned_zip_verified,True,81493400,81493400,289,86059672,True,e5ccd4dc682f61343c4d1ab8ee271a7f9b4c9b7b4e8f029114841259cd362369,False,False,2026-08-03,The official versioned Download All ZIP matched the expected archive size and passed ZIP integrity inspection. The local SHA-256 identifies the downloaded archive; Mendeley did not provide an independent source checksum through this route.
mendeley_hpsc_derived_photoreceptor_axon_extension_growth,hPSC-derived Photoreceptor Axon Extension and Growth Cone Motility Data Sets and Code,https://data.mendeley.com/datasets/cpy5j23354,cpy5j23354,1,available,complete_versioned_zip_verified,True,1735502,1735502,103,6827540,True,87732b060c5738eb5aa487a73f7583d04e1435f8561852ca6c9dbc5913b1d481,False,False,2026-08-03,The official versioned Download All ZIP matched the expected archive size and passed ZIP integrity inspection. The local SHA-256 identifies the downloaded archive; Mendeley did not provide an independent source checksum through this route.
mendeley_human_foveal_cone_topography_preferred_retinal,Human foveal cone topography and preferred retinal locus of fixation,https://data.mendeley.com/datasets/9gkpxsmz23,9gkpxsmz23,1,available,complete_versioned_zip_verified,True,14217597,14217597,124,21088080,True,ded042810e59a0df732046fecdfef5a68c08bf20fb1675071b53f8178871e8bd,False,False,2026-08-03,The official versioned Download All ZIP matched the expected archive size and passed ZIP integrity inspection. The local SHA-256 identifies the downloaded archive; Mendeley did not provide an independent source checksum through this route.
mendeley_human_mesenchymal_stem_cells_derived_adipose,Human mesenchymal stem cells derived from adipose tissue showed greater effect than from umbilical cord in promoting corneal graft survival through suppressing lymphangiogenesis,https://data.mendeley.com/datasets/bm45p4tcbz,bm45p4tcbz,1,available,complete_versioned_zip_verified,True,12771788,12771788,1,12785669,True,8d36b6910c7f653f2cc94bcab29c6b0e7909dcc6067ce71daf48244f7cc7e141,False,False,2026-08-03,The official versioned Download All ZIP matched the expected archive size and passed ZIP integrity inspection. The local SHA-256 identifies the downloaded archive; Mendeley did not provide an independent source checksum through this route.
mendeley_hvdropdb_datasets_classification_segmentation_research_retinopathy,"HVDROPDB Datasets for Classification and Segmentation for Research in Retinopathy of Prematurity, Ranjana Agrawal",https://data.mendeley.com/datasets/xw5xc7xrmp,xw5xc7xrmp,3,available,complete_versioned_zip_verified,True,549276271,549276271,2,549207781,True,185c61b4cb896997623fcb6a7a4b6774cd242555ca6c1df8d705c66d2998f41d,False,False,2026-08-03,The official versioned Download All ZIP matched the expected archive size and passed ZIP integrity inspection. The local SHA-256 identifies the downloaded archive; Mendeley did not provide an independent source checksum through this route.
mendeley_identification_human_retinal_stem_like_cells,Identification of Human Retinal Stem-Like Cells for Retina Regeneration,https://data.mendeley.com/datasets/s9wbscpsrs,s9wbscpsrs,3,available,complete_versioned_zip_verified,True,35478794,35478794,1,35469412,True,3a47d5792d3e84717677df8fed4d9fe8e1282fc4f726ff3ed2761edf16877799,False,False,2026-08-03,The official versioned Download All ZIP matched the expected archive size and passed ZIP integrity inspection. The local SHA-256 identifies the downloaded archive; Mendeley did not provide an independent source checksum through this route.
mendeley_imaging_retinal_choroidal_vasculature_using_spatio,Imaging the retinal and choroidal vasculature using Spatio-Temporal Optical Coherence Tomography (STOC-T),https://data.mendeley.com/datasets/j39vyvp8ny,j39vyvp8ny,1,available,complete_versioned_zip_verified,True,201736250,201736250,2,268440459,True,b9a4d01c146fb8b52e1e60455afbbf7706d06884a9cdf5357db5150d00cb901a,False,False,2026-08-03,The official versioned Download All ZIP matched the expected archive size and passed ZIP integrity inspection. The local SHA-256 identifies the downloaded archive; Mendeley did not provide an independent source checksum through this route.
mendeley_improved_retinal_displacement_quantification_between_retinal,Improved Retinal Displacement Quantification Between Retinal Vessels and Corresponding Retinal Vessel Printings Across the 3D Spherical Surface of the Eye: Dataset of Measurements on Fundus Autofluorescence Imaging,https://data.mendeley.com/datasets/jxwkym2phr,jxwkym2phr,1,available,complete_versioned_zip_verified,True,505068,505068,1,583418,True,e657552a7e2d7132e291e52800854b6a6b7d47f22fd1059f76a13855c34ef130,False,False,2026-08-03,The official versioned Download All ZIP matched the expected archive size and passed ZIP integrity inspection. The local SHA-256 identifies the downloaded archive; Mendeley did not provide an independent source checksum through this route.
mendeley_influence_angle_alpha_angle_kappa_optical,"The influence of angle alpha, angle kappa and optical aberra-tions on the visual outcomes after implantation of a high-addition trifocal IOL_2021",https://data.mendeley.com/datasets/w5ws4pzzxr,w5ws4pzzxr,1,available,complete_versioned_zip_verified,True,82068,82068,1,217753,True,23225365407a7a4793e6a4bb5188c07a0d63fe67b4b86632a069011157fa6959,False,False,2026-08-03,The official versioned Download All ZIP matched the expected archive size and passed ZIP integrity inspection. The local SHA-256 identifies the downloaded archive; Mendeley did not provide an independent source checksum through this route.
mendeley_interocular_retinal_nerve_fiber_layer_thickness,Interocular retinal nerve fiber layer thickness differences,https://data.mendeley.com/datasets/ss2nynfc8s,ss2nynfc8s,1,available,complete_versioned_zip_verified,True,375207,375207,5,462466,True,8cdcc03efd89728c845df96342c899a0e448c480bbb783ec3a5a9e1b120b7ddf,False,False,2026-08-03,The official versioned Download All ZIP matched the expected archive size and passed ZIP integrity inspection. The local SHA-256 identifies the downloaded archive; Mendeley did not provide an independent source checksum through this route.
mendeley_iscev_standard_full_field_erg_reference,"ISCEV standard full-field ERG reference limits from 407 healthy subjects, derived from transference and validation of reference data between electrode types and centres",https://data.mendeley.com/datasets/kcptb9jrf5,kcptb9jrf5,1,available,complete_versioned_zip_verified,True,52543,52543,1,54596,True,97afc21d8a153014f6ac79f71e9ac8008c0ca27848876060914f94ac1989393d,False,False,2026-08-03,The official versioned Download All ZIP matched the expected archive size and passed ZIP integrity inspection. The local SHA-256 identifies the downloaded archive; Mendeley did not provide an independent source checksum through this route.
mendeley_keratoconus_ukraine_children,Keratoconus Ukraine children ОХМАТДИТ ,https://data.mendeley.com/datasets/ydmxn3264h,ydmxn3264h,1,available,complete_versioned_zip_verified,True,143404,143404,2,166300,True,9783d22e708e85e90c888bf102d26a13d3f213209a97602fe5a5f0612748bca0,False,False,2026-08-03,The official versioned Download All ZIP matched the expected archive size and passed ZIP integrity inspection. The local SHA-256 identifies the downloaded archive; Mendeley did not provide an independent source checksum through this route.
mendeley_long_term_results_using_gelatin_microfistulae,Long-term results using gelatin microfistulae (XEN) implantation in glaucoma surgery.,https://data.mendeley.com/datasets/7xjcbsmzzc,7xjcbsmzzc,1,available,complete_versioned_zip_verified,True,1523,1523,2,6676,True,1a097d3b4dfc95cb9f740ce6d69a59bf14f7d033118c915b3b8f8af594004668,False,False,2026-08-03,The official versioned Download All ZIP matched the expected archive size and passed ZIP integrity inspection. The local SHA-256 identifies the downloaded archive; Mendeley did not provide an independent source checksum through this route.
mendeley_long_term_safety_efficacy_limited_vitrectomy,Data for: Long-Term Safety and Efficacy of Limited Vitrectomy for Vision Degrading Vitreopathy from Vitreous Floaters,https://data.mendeley.com/datasets/dnss5ttn73,dnss5ttn73,1,available,complete_versioned_zip_verified,True,98687,98687,1,140886,True,be64e9d76df6d2d71a2c7f1e8155bf8cd3d9c9a76606c8c8e4aee77b2422b59e,False,False,2026-08-03,The official versioned Download All ZIP matched the expected archive size and passed ZIP integrity inspection. The local SHA-256 identifies the downloaded archive; Mendeley did not provide an independent source checksum through this route.
mendeley_micro_go_study_transcriptional_profiling_orbital,MICRO-GO study: transcriptional profiling of orbital tissues in Graves’ orbitopathy & microbiome composition,https://data.mendeley.com/datasets/mrvmsrn9r6,mrvmsrn9r6,1,available,complete_versioned_zip_verified,True,153521,153521,2,166961,True,056cd60c4eb59bf127834cc9778934a88fdc6b2770aa57bb322355317c3cf4bd,False,False,2026-08-03,The official versioned Download All ZIP matched the expected archive size and passed ZIP integrity inspection. The local SHA-256 identifies the downloaded archive; Mendeley did not provide an independent source checksum through this route.
mendeley_microvascular_changes_poag_after_npds,Microvascular changes in POAG after NPDS,https://data.mendeley.com/datasets/vc99wcmvk2,vc99wcmvk2,2,available,complete_versioned_zip_verified,True,7397,7397,1,25757,True,f8e57e67c4152659d0896f80588706272f5988bf0bbaa19917f701d870e7517b,False,False,2026-08-03,The official versioned Download All ZIP matched the expected archive size and passed ZIP integrity inspection. The local SHA-256 identifies the downloaded archive; Mendeley did not provide an independent source checksum through this route.
mendeley_multi_class_retinal_fundus_image_deep,A Multi-Class Retinal Fundus Image Dataset for Deep Learning-Based Ocular Disease Diagnosis,https://data.mendeley.com/datasets/z227d626vm,z227d626vm,1,available,complete_versioned_zip_verified,True,3660282162,3660282162,1,3659964525,True,9258283f5a8fb4b0ecf1a0365603ebc542ac020e4b40e8bf73a09253d5eba459,False,False,2026-08-03,The official versioned Download All ZIP matched the expected archive size and passed ZIP integrity inspection. The local SHA-256 identifies the downloaded archive; Mendeley did not provide an independent source checksum through this route.
mendeley_myopia_metal_mixture_exposure,Dataset: Myopia and Metal Mixture Exposure,https://data.mendeley.com/datasets/jgh7dxdwyy,jgh7dxdwyy,1,available,complete_versioned_zip_verified,True,2696102,2696102,2,13179528,True,e36a0866649e8c4f941d6b78566b66a5f1eda156fcdd80175cb0a89885bb8cdb,False,False,2026-08-03,The official versioned Download All ZIP matched the expected archive size and passed ZIP integrity inspection. The local SHA-256 identifies the downloaded archive; Mendeley did not provide an independent source checksum through this route.
mendeley_nagyz_liberty_677my_vs_alcon_acrysof,NagyZ_Liberty 677MY vs. Alcon AcrySof,https://data.mendeley.com/datasets/zygxgyf4ns,zygxgyf4ns,1,available,complete_versioned_zip_verified,True,128925,128925,1,450048,True,77742167c641394ebc4f5b8825556d44e2c62144c6297d43de441663d51e40f5,False,False,2026-08-03,The official versioned Download All ZIP matched the expected archive size and passed ZIP integrity inspection. The local SHA-256 identifies the downloaded archive; Mendeley did not provide an independent source checksum through this route.
mendeley_netarsudil_on_kdb_treated_eyes,Netarsudil on KDB-treated Eyes,https://data.mendeley.com/datasets/r6gw6fnvdm,r6gw6fnvdm,1,available,complete_versioned_zip_verified,True,3815,3815,1,12239,True,db4cf6becbc4786f4f1fde1b126142a83d7109d8b79115d778f9ce25494e5bbe,False,False,2026-08-03,The official versioned Download All ZIP matched the expected archive size and passed ZIP integrity inspection. The local SHA-256 identifies the downloaded archive; Mendeley did not provide an independent source checksum through this route.
mendeley_neurophysiologic_ophthalmic_markers_chemotherapy_related_cognitive,Data for: Neurophysiologic and ophthalmic markers of chemotherapy-related cognitive impairment in patients diagnosed with hematologic cancer,https://data.mendeley.com/datasets/npt7rp69gm,npt7rp69gm,1,available,complete_versioned_zip_verified,True,21011,21011,2,76281,True,486edfb1056f298e3e11485f931fdd17ad14b818423a4448cb63544fec5651e2,False,False,2026-08-03,The official versioned Download All ZIP matched the expected archive size and passed ZIP integrity inspection. The local SHA-256 identifies the downloaded archive; Mendeley did not provide an independent source checksum through this route.
mendeley_nuclear_cataract_database_biomedical_machine_learning,Nuclear Cataract Database for Biomedical and Machine Learning Applications,https://data.mendeley.com/datasets/6wv33nbcvv,6wv33nbcvv,2,available,complete_versioned_zip_verified,True,648204770,648204770,1436,686833821,True,7826175af3eeed1ea6fc65e08e364a0e0169a3eb42fe394765616e65410bc7e4,False,False,2026-08-03,The official versioned Download All ZIP matched the expected archive size and passed ZIP integrity inspection. The local SHA-256 identifies the downloaded archive; Mendeley did not provide an independent source checksum through this route.
mendeley_ocular_biometry, OCULAR BIOMETRY DATA,https://data.mendeley.com/datasets/4twnn4546j,4twnn4546j,1,available,complete_versioned_zip_verified,True,21117,21117,1,66097,True,a553d23b116c5e3bd17ee8884f9704bfd0af2c9536ad060700907c8d0308ed8b,False,False,2026-08-03,The official versioned Download All ZIP matched the expected archive size and passed ZIP integrity inspection. The local SHA-256 identifies the downloaded archive; Mendeley did not provide an independent source checksum through this route.
mendeley_ocular_sebaceous_neoplasms,Ocular sebaceous neoplasms,https://data.mendeley.com/datasets/xg9jcjn388,xg9jcjn388,1,available,complete_versioned_zip_verified,True,453018601,453018601,11,544420882,True,3020a17408ae28e3d867001aef149b836ed4f0bb3113848c0a57152f2a4c74df,False,False,2026-08-03,The official versioned Download All ZIP matched the expected archive size and passed ZIP integrity inspection. The local SHA-256 identifies the downloaded archive; Mendeley did not provide an independent source checksum through this route.
mendeley_ocular_surface_disorders_affect_quality_life,Ocular Surface Disorders Affect Quality of Life in Patients with Autoimmune Blistering Skin Diseases: A Cross-Sectional Study,https://data.mendeley.com/datasets/73r8vrxksx,73r8vrxksx,1,available,complete_versioned_zip_verified,True,25638,25638,2,30246,True,f2dae2b5cdd220e3f1094591e76f2a23edad581334c20bf7fbfafdc039c77015,False,False,2026-08-03,The official versioned Download All ZIP matched the expected archive size and passed ZIP integrity inspection. The local SHA-256 identifies the downloaded archive; Mendeley did not provide an independent source checksum through this route.
mendeley_on_comparison_ocular_surface_disease_index,"Dataset on comparison of the ocular surface disease index questionnaire, the tear film break-up time and Schirmer tests for the evaluation of tear film in computer users and contact lenses without dry eye symptoms",https://data.mendeley.com/datasets/m7fzwvsm77,m7fzwvsm77,1,available,complete_versioned_zip_verified,True,11252,11252,1,13428,True,e4cc0b89a885a9035320419ca51f3e3cd1b0ba7a0e2fab5ac95728a90514abd7,False,False,2026-08-03,The official versioned Download All ZIP matched the expected archive size and passed ZIP integrity inspection. The local SHA-256 identifies the downloaded archive; Mendeley did not provide an independent source checksum through this route.
mendeley_ophthalmic_anthropometry_malawians,Ophthalmic Anthropometry of Malawians,https://data.mendeley.com/datasets/bctfh4m93c,bctfh4m93c,1,available,complete_versioned_zip_verified,True,21211,21211,1,67197,True,6a641b407f0b570c202c60c8367dcb8b8f4cf44bf2686f2a37628ff9841219ed,False,False,2026-08-03,The official versioned Download All ZIP matched the expected archive size and passed ZIP integrity inspection. The local SHA-256 identifies the downloaded archive; Mendeley did not provide an independent source checksum through this route.
mendeley_ophthalmic_stroke_biomarkers_south_asia,Ophthalmic Stroke Biomarkers in south Asia,https://data.mendeley.com/datasets/whpsmdc2gk,whpsmdc2gk,1,available,complete_versioned_zip_verified,True,37888,37888,1,40737,True,4d6da28a2d8716013e05f1f16b679b49779b9895c5bab6ce8cafb7c7e58ee293,False,False,2026-08-03,The official versioned Download All ZIP matched the expected archive size and passed ZIP integrity inspection. The local SHA-256 identifies the downloaded archive; Mendeley did not provide an independent source checksum through this route.
mendeley_optical_coherence_tomography_oct_images_proliferative,"Optical Coherence Tomography (OCT) Images of Proliferative Vitreoretinopathy, Uveitis, and Normal Eyes",https://data.mendeley.com/datasets/hbr5pwk5w5,hbr5pwk5w5,1,available,complete_versioned_zip_verified,True,7566521,7566521,75,7592804,True,785f7eac2fe3edd8b1ac0cb8106bec79e217e11eacddc3a24fdf31696a1a9b6e,False,False,2026-08-03,The official versioned Download All ZIP matched the expected archive size and passed ZIP integrity inspection. The local SHA-256 identifies the downloaded archive; Mendeley did not provide an independent source checksum through this route.
mendeley_orbscan_iiz_anterior_maps,"Multimodal Orbscan IIz Dataset: 3,000 Axial Power Anterior Maps with OCR-Extracted Clinical Parameters from 3,000 Unique Patients",https://data.mendeley.com/datasets/78wt2nc387,78wt2nc387,3,available,complete_versioned_zip_verified,True,1315199929,1315199929,9,1317320376,True,876a7c9c3914638a6882ce94cf782346aa69377b9c4d31320cbe629612b8dd4e,False,False,2026-08-03,The official versioned Download All ZIP matched the expected archive size and passed ZIP integrity inspection. The local SHA-256 identifies the downloaded archive; Mendeley did not provide an independent source checksum through this route.
mendeley_performance_corneal_vs_scleral_rigid_gas,Data for: Performance of corneal vs. scleral rigid gas permeable contact lenses for ectatic corneal disorders,https://data.mendeley.com/datasets/gmrbh4fvt2,gmrbh4fvt2,1,available,complete_versioned_zip_verified,True,4922389,4922389,1,5479370,True,a139be45aed83997c4f4490216245149d428d0c272bccbef1a1f9fbe3ff1ac0e,False,False,2026-08-03,The official versioned Download All ZIP matched the expected archive size and passed ZIP integrity inspection. The local SHA-256 identifies the downloaded archive; Mendeley did not provide an independent source checksum through this route.
mendeley_peripapillary_retinal_nerve_fiber_layer_thinning,Data for: Peripapillary Retinal Nerve Fiber Layer Thinning in Genetic Generalized Epilepsy,https://data.mendeley.com/datasets/wyys4gvk4n,wyys4gvk4n,1,available,complete_versioned_zip_verified,True,12060,12060,1,14240,True,ad7670055b4f131c0dcf6a3182f4f01e6a48ba954dda7b2400dc0be411658fbb,False,False,2026-08-03,The official versioned Download All ZIP matched the expected archive size and passed ZIP integrity inspection. The local SHA-256 identifies the downloaded archive; Mendeley did not provide an independent source checksum through this route.
mendeley_plasma_energy_metabolomics_patients_ocular_disease,plasma energy metabolomics in patients with ocular disease,https://data.mendeley.com/datasets/tybzw7zsng,tybzw7zsng,1,available,complete_versioned_zip_verified,True,22705,22705,1,25760,True,bcca9ca50b12aa6a0cdcbb5cfc8d15b80eb26d6ee98e69339d5f781efc8b1b5e,False,False,2026-08-03,The official versioned Download All ZIP matched the expected archive size and passed ZIP integrity inspection. The local SHA-256 identifies the downloaded archive; Mendeley did not provide an independent source checksum through this route.
mendeley_post_intravitreal_injection_ciprofloxacin_conjunctival_flora,Data for: Post-Intravitreal Injection Ciprofloxacin and Conjunctival Flora Resistance,https://data.mendeley.com/datasets/53nxz6xr5j,53nxz6xr5j,1,available,complete_versioned_zip_verified,True,14311,14311,1,45568,True,b53e038372ce49e936ce78a945a63d8fd7994a16eda351fd213db1c9808b252e,False,False,2026-08-03,The official versioned Download All ZIP matched the expected archive size and passed ZIP integrity inspection. The local SHA-256 identifies the downloaded archive; Mendeley did not provide an independent source checksum through this route.
mendeley_postural_stargardt_s_syndrome_patients,Data for: Postural data from Stargardt's syndrome patients,https://data.mendeley.com/datasets/5rz9j8t6p4,5rz9j8t6p4,2,available,complete_versioned_zip_verified,True,182684592,182684592,2,182737560,True,ff548d727a27795b4b5f77cebffdaca96b4981e304f17c653a0aebaf6fce4fdd,False,False,2026-08-03,The official versioned Download All ZIP matched the expected archive size and passed ZIP integrity inspection. The local SHA-256 identifies the downloaded archive; Mendeley did not provide an independent source checksum through this route.
mendeley_proteomic_analysis_human_autoimmune_retinopathy_air,Proteomic analysis of human autoimmune retinopathy (AIR) vitreous,https://data.mendeley.com/datasets/t7yrm5x3ws,t7yrm5x3ws,1,available,complete_versioned_zip_verified,True,3906412527,3906412527,9,5182921302,True,b355bb904d88979de9c5e5407f9432e750c95835c09900b5e78e9bc45813090c,False,False,2026-08-03,The official versioned Download All ZIP matched the expected archive size and passed ZIP integrity inspection. The local SHA-256 identifies the downloaded archive; Mendeley did not provide an independent source checksum through this route.
mendeley_quantified_processed_microarray_22_individuals_without,Quantified processed microarray data for 22 individuals with and without proliferative retinopathy,https://data.mendeley.com/datasets/72b47vpgtz,72b47vpgtz,1,available,complete_versioned_zip_verified,True,16614105,16614105,1,35035736,True,a24b71e38616131dfd385e01c2b40d7f73ab3837e309bdefba8169749427cc18,False,False,2026-08-03,The official versioned Download All ZIP matched the expected archive size and passed ZIP integrity inspection. The local SHA-256 identifies the downloaded archive; Mendeley did not provide an independent source checksum through this route.
mendeley_radial_peripapillary_capillary_density_as_predictive,Radial peripapillary capillary density as a predictive factor for glaucoma in eyes with ocular hypertension,https://data.mendeley.com/datasets/h9tntd4gkf,h9tntd4gkf,1,available,complete_versioned_zip_verified,True,19381,19381,1,21813,True,c795d7ac2d520ffaafa5e7056627894026271e1f988f8bb3cd0bdd5fa1b30cf0,False,False,2026-08-03,The official versioned Download All ZIP matched the expected archive size and passed ZIP integrity inspection. The local SHA-256 identifies the downloaded archive; Mendeley did not provide an independent source checksum through this route.
mendeley_raw_manuscript_light_responsive_microrna_molecules,RAW DATA to manuscript: Light-Responsive MicroRNA Molecules in Human Retinal Organoids are Differentially Regulated by Distinct Wavelengths of Light,https://data.mendeley.com/datasets/8ksg9fssd9,8ksg9fssd9,1,available,complete_versioned_zip_verified,True,57822,57822,1,61877,True,28eb47cefe90dac45176aea9e199112993dec853863481e7b88b1ae28f503e48,False,False,2026-08-03,The official versioned Download All ZIP matched the expected archive size and passed ZIP integrity inspection. The local SHA-256 identifies the downloaded archive; Mendeley did not provide an independent source checksum through this route.
mendeley_red_lesion_localization_messidor_retinal_images,Red lesion localization for MESSIDOR retinal images dataset using patch-based convolutional neural networks.,https://data.mendeley.com/datasets/3r5m3nfdkv,3r5m3nfdkv,1,available,complete_versioned_zip_verified,True,26420570,26420570,1201,36248707,True,82d3ced85feebdf4fee2b3b07df1f4aca2c626c05ae12d7b2740fee5b49ccaa8,False,False,2026-08-03,The official versioned Download All ZIP matched the expected archive size and passed ZIP integrity inspection. The local SHA-256 identifies the downloaded archive; Mendeley did not provide an independent source checksum through this route.
mendeley_refractive_error_visual_impairment_among_school,"Refractive error and Visual Impairment data among school children in Blantyre, Southern Malawi",https://data.mendeley.com/datasets/crgbf93fnw,crgbf93fnw,2,available,complete_versioned_zip_verified,True,7538281,7538281,1,10613558,True,bd183454ebe46a1422acff01526aa24b06333a9eb145daac6a13f811cce1a14e,False,False,2026-08-03,The official versioned Download All ZIP matched the expected archive size and passed ZIP integrity inspection. The local SHA-256 identifies the downloaded archive; Mendeley did not provide an independent source checksum through this route.
mendeley_retina_identification_database_ridb,Retina Identification Database (RIDB),https://data.mendeley.com/datasets/tjw3zwntv6,tjw3zwntv6,2,available,complete_versioned_zip_verified,True,4567622,4567622,100,5569663,True,7bba729a9ae6a43e30684e5a39edfb93d1b67d27438b06d3d47c335bc91aa257,False,False,2026-08-03,The official versioned Download All ZIP matched the expected archive size and passed ZIP integrity inspection. The local SHA-256 identifies the downloaded archive; Mendeley did not provide an independent source checksum through this route.
mendeley_retinal_blood_vessel_segmentation_rop,Retinal blood vessel segmentation(ROP),https://data.mendeley.com/datasets/prcy36j53v,prcy36j53v,1,available,complete_versioned_zip_verified,True,90915860,90915860,303,113715155,True,c0354e565cdbeff61e02847a7d99f2bda4bbf38b3bb507c53f034f7e13228bdd,False,False,2026-08-03,The official versioned Download All ZIP matched the expected archive size and passed ZIP integrity inspection. The local SHA-256 identifies the downloaded archive; Mendeley did not provide an independent source checksum through this route.
mendeley_rop_retinopathy_prematurity_infants_serum_metabolomic,ROP (retinopathy of prematurity) infants' serum metabolomic data,https://data.mendeley.com/datasets/7r7xt6pf6x,7r7xt6pf6x,5,available,complete_versioned_zip_verified,True,4149397,4149397,12,32782367,True,2c27c3f5bc729a5bb6a2216f779581a42b8982af6f746b676712b00ffc6aa199,False,False,2026-08-03,The official versioned Download All ZIP matched the expected archive size and passed ZIP integrity inspection. The local SHA-256 identifies the downloaded archive; Mendeley did not provide an independent source checksum through this route.
mendeley_sars_cov_2_infection_ocular_cells,"SARS-CoV-2 infection of ocular cells from human adult donor eyes and hESC-derived ocular lineages, Eriksen et al",https://data.mendeley.com/datasets/jgw2mcgb67,jgw2mcgb67,1,available,complete_versioned_zip_verified,True,360635,360635,2,370547,True,a56fec1931a965e25dbd70dbcb7872ae4a749e7833eb2e4d920254133dde67ce,False,False,2026-08-03,The official versioned Download All ZIP matched the expected archive size and passed ZIP integrity inspection. The local SHA-256 identifies the downloaded archive; Mendeley did not provide an independent source checksum through this route.
mendeley_selective_laser_trabeculoplasty_patients_angle_recession,Data for: Selective Laser Trabeculoplasty in patients with angle recession glaucoma: a case series.,https://data.mendeley.com/datasets/rvw8k4k8g7,rvw8k4k8g7,1,available,complete_versioned_zip_verified,True,96474,96474,1,99768,True,fb2f2fb59e6309cf40645e43986ee6a0c0074efc620f6d6243ff64e5a27ddc26,False,False,2026-08-03,The official versioned Download All ZIP matched the expected archive size and passed ZIP integrity inspection. The local SHA-256 identifies the downloaded archive; Mendeley did not provide an independent source checksum through this route.
mendeley_serum_proteomic_profiles_keratoconus_post_laser,"Serum proteomic profiles in keratoconus, post-laser vision correction ectasia, and pellucid marginal degeneration",https://data.mendeley.com/datasets/yzsktrxh6y,yzsktrxh6y,1,available,complete_versioned_zip_verified,True,2250401,2250401,2,2262425,True,8d480c2d4cd7f2eb1f6b9f89a6fd09e7c92e16cb9b220f3f2a9fe621354aeb84,False,False,2026-08-03,The official versioned Download All ZIP matched the expected archive size and passed ZIP integrity inspection. The local SHA-256 identifies the downloaded archive; Mendeley did not provide an independent source checksum through this route.
mendeley_set_relationship_between_plasma_amino_acid,data set of Relationship between plasma amino acid and carnitine levels and primary angle closure glaucoma based on mass spectrometry metabolomics,https://data.mendeley.com/datasets/fn9986thfh,fn9986thfh,1,available,complete_versioned_zip_verified,True,333837,333837,1,341297,True,2fa87d791c68df910415620c22598ab41d10d612848591d6c8b24116d35c6499,False,False,2026-08-03,The official versioned Download All ZIP matched the expected archive size and passed ZIP integrity inspection. The local SHA-256 identifies the downloaded archive; Mendeley did not provide an independent source checksum through this route.
mendeley_spatio_temporal_optical_coherence_tomography_provides,Spatio-Temporal Optical Coherence Tomography provides full thickness imaging of the chorioretinal complex,https://data.mendeley.com/datasets/9pzm3mbp7w,9pzm3mbp7w,2,available,complete_versioned_zip_verified,True,7748791482,7748791482,81,10469193124,True,b97ca93abab2182e8d259bfe87aeafc080fdc4d2774c2b9a784d5da9e52f55f1,False,False,2026-08-03,The official versioned Download All ZIP matched the expected archive size and passed ZIP integrity inspection. The local SHA-256 identifies the downloaded archive; Mendeley did not provide an independent source checksum through this route.
mendeley_sub_cone_visual_resolution_by_active,"Data from: Sub-cone visual resolution by active, adaptive sampling in the human foveola",https://data.mendeley.com/datasets/zp6d5w8kdv,zp6d5w8kdv,1,available,complete_versioned_zip_verified,True,11251875,11251875,162,17137078,True,55e0c9b11d0367dc142925ea042bc364d276e05eb3e932d737d830d254142409,False,False,2026-08-03,The official versioned Download All ZIP matched the expected archive size and passed ZIP integrity inspection. The local SHA-256 identifies the downloaded archive; Mendeley did not provide an independent source checksum through this route.
mendeley_superficial_conjunctival_cells_dupilumab_treated_atopic,Superficial Conjunctival Cells from Dupilumab-treated Atopic Dermatitis Patients with Ocular Adverse Events Display a Transcriptomic Psoriasis Signature,https://data.mendeley.com/datasets/222mnygnjz,222mnygnjz,1,available,complete_versioned_zip_verified,True,75204976,75204976,120,182017324,True,1b108f8f2f9af82235955288a5748726d05f3366edb7687c921f643fd0a6f3cb,False,False,2026-08-03,The official versioned Download All ZIP matched the expected archive size and passed ZIP integrity inspection. The local SHA-256 identifies the downloaded archive; Mendeley did not provide an independent source checksum through this route.
mendeley_test_results_article_motion_perception_glaucoma,"Test results - Article ""Motion perception and glaucoma""",https://data.mendeley.com/datasets/zhz8kjsykf,zhz8kjsykf,1,available,complete_versioned_zip_verified,True,36560,36560,1,43621,True,baee5839f28d18945da8d76bb81d13d74b89e0b9a3aa6ae94877c1754eab9e55,False,False,2026-08-03,The official versioned Download All ZIP matched the expected archive size and passed ZIP integrity inspection. The local SHA-256 identifies the downloaded archive; Mendeley did not provide an independent source checksum through this route.
mendeley_towards_ocular_biomarkers_sarcopenia_result_korean,Towards ocular biomarkers for sarcopenia: a result from a Korean nationwide cross-sectional study,https://data.mendeley.com/datasets/h547645876,h547645876,1,available,complete_versioned_zip_verified,True,11232983,11232983,3,22018273,True,2eb1409dfa04d9932b52aeac8f1e1786bdf114a4e6a825ed57b059f76c4456e0,False,False,2026-08-03,The official versioned Download All ZIP matched the expected archive size and passed ZIP integrity inspection. The local SHA-256 identifies the downloaded archive; Mendeley did not provide an independent source checksum through this route.
mendeley_trabecular_microbypass_stent_implantation_pseudophakic_eyes,Data for: Trabecular microbypass stent implantation in pseudophakic eyes with open-angle glaucoma: long-term results,https://data.mendeley.com/datasets/zsxt8wk4sh,zsxt8wk4sh,1,available,complete_versioned_zip_verified,True,11540,11540,1,13662,True,8c3365597b8a2158d61a9f537f17ccdcd3001d7ba2b6a06aeb1f339b3bcc25f6,False,False,2026-08-03,The official versioned Download All ZIP matched the expected archive size and passed ZIP integrity inspection. The local SHA-256 identifies the downloaded archive; Mendeley did not provide an independent source checksum through this route.
mendeley_two_photon_excited_fluorescence_scanning_laser,Two-photon excited fluorescence scanning laser ophthalmoscopy images and software for data processing,https://data.mendeley.com/datasets/nhpnt78ssy,nhpnt78ssy,1,available,complete_versioned_zip_verified,True,22042848,22042848,414,210743815,True,93da5083cfeb805563a6e1407e84ebddbdf5b7378d976ea011846f23e6c6a7c4,False,False,2026-08-03,The official versioned Download All ZIP matched the expected archive size and passed ZIP integrity inspection. The local SHA-256 identifies the downloaded archive; Mendeley did not provide an independent source checksum through this route.
mendeley_utilizing_responsive_web_portal_studying_disc,Data for: Utilizing A Responsive Web Portal For Studying Disc Tracing Agreement in Retinal Images,https://data.mendeley.com/datasets/7xv5rzxgrh,7xv5rzxgrh,1,available,complete_versioned_zip_verified,True,1073785598,1073785598,2,1073496477,True,ffd339c5632eb7113c7daf2de0fee4aafdc65d4bc1861492568fb8dfa3ec2eba,False,False,2026-08-03,The official versioned Download All ZIP matched the expected archive size and passed ZIP integrity inspection. The local SHA-256 identifies the downloaded archive; Mendeley did not provide an independent source checksum through this route.
mendeley_vivo_analysis_comparison_anterior_segment_structures,In Vivo Analysis and Comparison of Anterior Segment Structures of Both Eyes in Unilateral Herpetic Anterior Uveitis,https://data.mendeley.com/datasets/hmz2cz3jcg,hmz2cz3jcg,1,available,complete_versioned_zip_verified,True,11307,11307,1,13404,True,c57ad315ffef32c5f4f5025076150d1446c338e638c8ca2f0b6ab8e1c0778095,False,False,2026-08-03,The official versioned Download All ZIP matched the expected archive size and passed ZIP integrity inspection. The local SHA-256 identifies the downloaded archive; Mendeley did not provide an independent source checksum through this route.
mendeley_vivo_cone_photoreceptor_topography_human_foveola,In-vivo cone photoreceptor topography of the human foveola,https://data.mendeley.com/datasets/m5nkpb8phv,m5nkpb8phv,1,available,complete_versioned_zip_verified,True,5059199783,5059199783,121,5117418517,True,415b5d2227a6b4f60c59bd2d0aac4752cdd0223483701dbc5cc358153a4ea6af,False,False,2026-08-03,The official versioned Download All ZIP matched the expected archive size and passed ZIP integrity inspection. The local SHA-256 identifies the downloaded archive; Mendeley did not provide an independent source checksum through this route.
mured,MuReD: Multi-label Retinal Diseases Dataset,https://data.mendeley.com/datasets/pc4mb3h8hz/1,pc4mb3h8hz,1,available,complete_versioned_zip_verified,True,5438656680,5438656680,3,5437268917,True,e4f2960a11b38a8692374ea8c4d572b78f1161a86e51861aca4a00aacd8ad520,False,False,2026-08-03,The official versioned Download All ZIP matched the expected archive size and passed ZIP integrity inspection. The local SHA-256 identifies the downloaded archive; Mendeley did not provide an independent source checksum through this route.
myopic_regression_fundus,Myopic Regression after Corneal Refractive Surgery Fundus Sample,https://data.mendeley.com/datasets/k34rvfw3dg/2,k34rvfw3dg,2,available,complete_versioned_zip_verified,True,455114719,455114719,3,455015951,True,21dc8b5c582372010f04361a7954ef600c9a03fbf8d7ac3f1f0b31b37b6d7c8c,False,False,2026-08-03,The official versioned Download All ZIP matched the expected archive size and passed ZIP integrity inspection. The local SHA-256 identifies the downloaded archive; Mendeley did not provide an independent source checksum through this route.
nehut,NEH-UT Retinal OCT Dataset,https://data.mendeley.com/datasets/8kt969dhx6/2,8kt969dhx6,2,available,complete_versioned_zip_verified,True,4208585380,4208585380,3,4212419132,True,466957743b970ca1943d8d74af07b9fe83561fcff05b00730d42998422c9d3b0,False,False,2026-08-03,The official versioned Download All ZIP matched the expected archive size and passed ZIP integrity inspection. The local SHA-256 identifies the downloaded archive; Mendeley did not provide an independent source checksum through this route.
octa_macula_coronal,OCTA Macula Coronal Views,https://data.mendeley.com/datasets/p5h7x55zw7/1,p5h7x55zw7,1,available,complete_versioned_zip_verified,True,1503928037,1503928037,1,1521165662,True,3a51a2672733d25a438038180a74efedb9f251d4e45c0598c298f3df0bb4bb11,False,False,2026-08-03,The official versioned Download All ZIP matched the expected archive size and passed ZIP integrity inspection. The local SHA-256 identifies the downloaded archive; Mendeley did not provide an independent source checksum through this route.
octdl,OCTDL: OCT Deep Learning Dataset,https://data.mendeley.com/datasets/sncdhf53xc/4,sncdhf53xc,4,available,complete_versioned_zip_verified,True,398533795,398533795,2,398673777,True,0883ff3ef627739c3c3755054e610b270718cc3f79d1f470b0817a7c26e1afcb,False,False,2026-08-03,The official versioned Download All ZIP matched the expected archive size and passed ZIP integrity inspection. The local SHA-256 identifies the downloaded archive; Mendeley did not provide an independent source checksum through this route.
rao_fundus,RAO Retinal Artery Occlusion Fundus Photography Dataset,https://data.mendeley.com/datasets/5428684j44/2,5428684j44,2,available,complete_versioned_zip_verified,True,65899640,65899640,1,65890125,True,0e4c0ee4b30bc65f6f6fd802abd73683600f2d2ec48b8d2d157a05af3b3d0369,False,False,2026-08-03,The official versioned Download All ZIP matched the expected archive size and passed ZIP integrity inspection. The local SHA-256 identifies the downloaded archive; Mendeley did not provide an independent source checksum through this route.
retinal_corrugations_oct,Outer Retinal Corrugations Imaging Dataset,https://data.mendeley.com/datasets/bzsc7gd9p3/2,bzsc7gd9p3,2,available,complete_versioned_zip_verified,True,242571534,242571534,77,246113074,True,8379884f1cd79358c724b55eff8cf63e4848deed2ebe43edf6f498080132c295,False,False,2026-08-03,The official versioned Download All ZIP matched the expected archive size and passed ZIP integrity inspection. The local SHA-256 identifies the downloaded archive; Mendeley did not provide an independent source checksum through this route.
rop_synthetic_mendeley,Synthetic Medical Images for ROP Diagnosis,https://data.mendeley.com/datasets/fscyyhg6vt/1,fscyyhg6vt,1,available,complete_versioned_zip_verified,True,22101316,22101316,3477,21558745,True,c8fb65835a6df369cab5e04624f0bdd074cfe2d78b7d66f9fd4cad777ce40151,False,False,2026-08-03,The official versioned Download All ZIP matched the expected archive size and passed ZIP integrity inspection. The local SHA-256 identifies the downloaded archive; Mendeley did not provide an independent source checksum through this route.
thyroid_ophthalmopathy_external,Thyroid Ophthalmopathy External Ocular Images,https://data.mendeley.com/datasets/z7ys7r4bdn/2,z7ys7r4bdn,2,available,complete_versioned_zip_verified,True,5582645,5582645,2,5581323,True,04f94e3d3eb1489215984f805eeed7ac016833046373e3b7e20b816ebc5ee501,False,False,2026-08-03,The official versioned Download All ZIP matched the expected archive size and passed ZIP integrity inspection. The local SHA-256 identifies the downloaded archive; Mendeley did not provide an independent source checksum through this route.
uveitis_smote,Image Dataset on Eye Diseases Classification with Symptoms and SMOTE Validation,https://data.mendeley.com/datasets/n9zp473wfw/2,n9zp473wfw,2,available,complete_versioned_zip_verified,True,42753308,42753308,2300,43730262,True,7fe863332d44692ac6b05d1ac45b202c914f0bc70a64be02d1a0f529208cc27d,False,False,2026-08-03,The official versioned Download All ZIP matched the expected archive size and passed ZIP integrity inspection. The local SHA-256 identifies the downloaded archive; Mendeley did not provide an independent source checksum through this route.
