record_id,canonical_name,provider,official_source_url,dataset_identifier,catalog_deposit_version,observed_deposit_version,version_matches_catalog,listing_result,expected_file_count,expected_bytes,source_checksums_available,notes
afio_fundus_vessels,AFIO Fundus Images for Vessel Segmentation and Disease Annotation,mendeley,https://data.mendeley.com/datasets/3csr652p9y/2,3csr652p9y,2,2,True,official_archive_route_confirmed,,194039834,0,Official version-specific Download All ZIP route confirmed. Archive contents are recorded in the content-verification log.
amdnet23,AMDNet23 Fundus Image Dataset for AMD Detection,mendeley,https://data.mendeley.com/datasets/yj35kjgrv3/1,yj35kjgrv3,1,1,True,official_archive_route_confirmed,,602201164,0,Official version-specific Download All ZIP route confirmed. Archive contents are recorded in the content-verification log.
anterior_segment_smile,Anterior Segment Parameters After SMILE Surgery,mendeley,https://data.mendeley.com/datasets/vkdxsnhkrm/1,vkdxsnhkrm,1,1,True,official_archive_route_confirmed,,92839,0,Official version-specific Download All ZIP route confirmed. Archive contents are recorded in the content-verification log.
bajwa_multi_eye,Bajwa Hospital Multi Eye Disease Dataset,mendeley,https://data.mendeley.com/datasets/rgwpd4m785/3,rgwpd4m785,3,3,True,official_archive_route_confirmed,,1793502534,0,Official version-specific Download All ZIP route confirmed. Archive contents are recorded in the content-verification log.
bmrd,Bangladesh Multi-Disease Retinal Dataset,mendeley,https://data.mendeley.com/datasets/959whsbc6v/1,959whsbc6v,1,1,True,official_archive_route_confirmed,,716566961,0,Official version-specific Download All ZIP route confirmed. Archive contents are recorded in the content-verification log.
chronic_corneal_disorders,Chronic Corneal Disorders Clinical Dataset,mendeley,https://data.mendeley.com/datasets/mcwv6thk8m/1,mcwv6thk8m,1,1,True,official_archive_route_confirmed,,16546,0,Official version-specific Download All ZIP route confirmed. Archive contents are recorded in the content-verification log.
corneal_curvature_fundus,Corneal Curvature Prediction Using Fundus Photography,mendeley,https://data.mendeley.com/datasets/bc2jfr7dv9/1,bc2jfr7dv9,1,1,True,official_archive_route_confirmed,,12159219,0,Official version-specific Download All ZIP route confirmed. Archive contents are recorded in the content-verification log.
corneal_epithelium_confocal,Keratoconus Corneal Epithelium Confocal Fluorescence Dataset,mendeley,https://data.mendeley.com/datasets/n3gky25brh/2,n3gky25brh,2,2,True,official_archive_route_confirmed,,204152004,0,Official version-specific Download All ZIP route confirmed. Archive contents are recorded in the content-verification log.
corneal_parameters_kc,Corneal Parameters Keratoconus Study,mendeley,https://data.mendeley.com/datasets/3nz4fkwn3y/1,3nz4fkwn3y,1,1,True,official_archive_route_confirmed,,7696,0,Official version-specific Download All ZIP route confirmed. Archive contents are recorded in the content-verification log.
corneal_tomography_iol,Multi-Parameter Corneal Tomography Dataset for IOL Selection,mendeley,https://data.mendeley.com/datasets/wddj7bh9p9/1,wddj7bh9p9,1,1,True,official_archive_route_confirmed,,19227,0,Official version-specific Download All ZIP route confirmed. Archive contents are recorded in the content-verification log.
csc_fundus_segmentation,Central Serous Chorioretinopathy Fundus Segmentation Dataset,mendeley,https://data.mendeley.com/datasets/4k64fwnp4k/5,4k64fwnp4k,5,5,True,official_archive_route_confirmed,,274795946,0,Official version-specific Download All ZIP route confirmed. Archive contents are recorded in the content-verification log.
data_oct_fundus_glaucoma,Data on OCT and Fundus Images,mendeley,https://data.mendeley.com/datasets/2rnnz5nz74/2,2rnnz5nz74,2,2,True,official_archive_route_confirmed,,34989922,0,Official version-specific Download All ZIP route confirmed. Archive contents are recorded in the content-verification log.
external_eye_blepharitis,External Eye Photographs for Screening Referable Blepharitis,mendeley,https://data.mendeley.com/datasets/bp37vw4z8d/1,bp37vw4z8d,1,1,True,official_archive_route_confirmed,,42027691,0,"The current version-specific Download All route returned an official ZIP archive. Internal files will be enumerated during content inspection. The bearer-token response reflects the retired OAuth audience, not source unavailability."
eye_conjunctiva_segmentation,Eye Conjunctiva Segmentation Dataset,mendeley,https://data.mendeley.com/datasets/yxwjgcndg2/1,yxwjgcndg2,1,1,True,official_archive_route_confirmed,,4577144882,0,Official version-specific Download All ZIP route confirmed. Archive contents are recorded in the content-verification log.
eye_disease_image_mendeley,Eye Disease Image Dataset,mendeley,https://data.mendeley.com/datasets/s9bfhswzjb/1,s9bfhswzjb,1,1,True,official_archive_route_confirmed,,3939804873,0,Official version-specific Download All ZIP route confirmed. Archive contents are recorded in the content-verification log.
eyecatcher_visual_field,Eyecatcher Tablet-Based Visual Field Home-Monitoring Data,mendeley,https://data.mendeley.com/datasets/swsfj47cxw/2,swsfj47cxw,2,2,True,official_archive_route_confirmed,,21074,0,Official version-specific Download All ZIP route confirmed. Archive contents are recorded in the content-verification log.
fimd,Fundus Image Myopia Development Dataset,mendeley,https://data.mendeley.com/datasets/jkzsh6pcv4/1,jkzsh6pcv4,1,1,True,official_archive_route_confirmed,,152456326,0,Official version-specific Download All ZIP route confirmed. Archive contents are recorded in the content-verification log.
fociset_pamm,FociSet PAMM OCT Lesion Dataset,mendeley,https://data.mendeley.com/datasets/mkwxn7rjpm/2,mkwxn7rjpm,2,2,True,official_archive_route_confirmed,,55490480,0,Official version-specific Download All ZIP route confirmed. Archive contents are recorded in the content-verification log.
ghana_eye_screening,Eye Screening Data for First-Year University Students in Ghana,mendeley,https://data.mendeley.com/datasets/mfv6sb5wyc/4,mfv6sb5wyc,4,4,True,official_archive_route_confirmed,,3466504,0,Official version-specific Download All ZIP route confirmed. Archive contents are recorded in the content-verification log.
hassan_composite_retina,Composite Retinal Fundus and OCT Dataset with Clinical Markings,mendeley,https://data.mendeley.com/datasets/trghs22fpg/4,trghs22fpg,4,4,True,official_archive_route_confirmed,,1539361597,0,"The current version-specific Download All route returned an official ZIP archive. Internal files will be enumerated during content inspection. The bearer-token response reflects the retired OAuth audience, not source unavailability."
leops_erg,LEOPs Light-Adapted Electroretinogram and Oscillatory Potentials Dataset,mendeley,https://data.mendeley.com/datasets/w3yx7hdds7/1,w3yx7hdds7,1,1,True,official_archive_route_confirmed,,130584011,0,Official version-specific Download All ZIP route confirmed. Archive contents are recorded in the content-verification log.
mendeley_3_year_follow_up_optic_neuritis,a 3-year follow-up of optic neuritis phenotypes in Chinese cohort,mendeley,https://data.mendeley.com/datasets/zvb55v8mzw,zvb55v8mzw,1,1,True,official_archive_route_confirmed,,23037,0,"The current version-specific Download All route returned an official ZIP archive. Internal files will be enumerated during content inspection. The bearer-token response reflects the retired OAuth audience, not source unavailability."
mendeley_adjuvant_ketorolac_dexamethasone_hypoxic_human_retinal,Adjuvant Ketorolac and Dexamethasone + Hypoxic Human Retinal Pigment Epithelium (RPE) and Endothelial Cells (HREC),mendeley,https://data.mendeley.com/datasets/xzf382pby9,xzf382pby9,1,1,True,official_archive_route_confirmed,,6369,0,"The current version-specific Download All route returned an official ZIP archive. Internal files will be enumerated during content inspection. The bearer-token response reflects the retired OAuth audience, not source unavailability."
mendeley_analysis_macular_pigment_carotenoids_human_blood,Analysis of macular pigment carotenoids in human blood serum of glaucoma patients as a measure of ocular health: A Raman spectroscopic study,mendeley,https://data.mendeley.com/datasets/8pwpbcrjd8,8pwpbcrjd8,1,1,True,official_archive_route_confirmed,,9184269,0,"The current version-specific Download All route returned an official ZIP archive. Internal files will be enumerated during content inspection. The bearer-token response reflects the retired OAuth audience, not source unavailability."
mendeley_annotated_infant_fundus_images_object_detection,Annotated Infant Fundus Images for Object Detection of Key Structures (Optic Disk and Macula),mendeley,https://data.mendeley.com/datasets/9kvk7nkhx6,9kvk7nkhx6,4,4,True,official_archive_route_confirmed,,1249251773,0,"The current version-specific Download All route returned an official ZIP archive. Internal files will be enumerated during content inspection. The bearer-token response reflects the retired OAuth audience, not source unavailability."
mendeley_anterior_segment_optical_coherence_tomography_angiography,Data for: Anterior Segment Optical Coherence Tomography Angiography Imaging of Conjunctiva and Intrasclera in Treated Primary Open-Angle Glaucoma,mendeley,https://data.mendeley.com/datasets/tsh3xwbkkg,tsh3xwbkkg,2,2,True,official_archive_route_confirmed,,22455,0,"The current version-specific Download All route returned an official ZIP archive. Internal files will be enumerated during content inspection. The bearer-token response reflects the retired OAuth audience, not source unavailability."
mendeley_application_machine_learning_detecting_iron_deficiency,Application of Machine Learning in Detecting Iron Deficiency Anemia Using  Conjunctiva image Dataset from Ghana,mendeley,https://data.mendeley.com/datasets/nt7r8hv2pz,nt7r8hv2pz,1,1,True,official_archive_route_confirmed,,45875429,0,"The current version-specific Download All route returned an official ZIP archive. Internal files will be enumerated during content inspection. The bearer-token response reflects the retired OAuth audience, not source unavailability."
mendeley_biochemical_parameters_tear_fluid_chemical_burns,Dataset of biochemical parameters of tear fluid in chemical burns,mendeley,https://data.mendeley.com/datasets/zhk775h6n4,zhk775h6n4,1,1,True,official_archive_route_confirmed,,629556,0,Official version-specific Download All ZIP route confirmed. Archive contents are recorded in the content-verification log.
mendeley_biomechanical_properties_adult_patients_high_myopia,"Biomechanical properties of adult patients with high myopia after implantable collamer lens (ICL, V4) implantation",mendeley,https://data.mendeley.com/datasets/yry4r9y9v5,yry4r9y9v5,1,1,True,official_archive_route_confirmed,,320580,0,Official version-specific Download All ZIP route confirmed. Archive contents are recorded in the content-verification log.
mendeley_blinking_its_relationship_ocular_surface_digital,Blinking and its relationship with the ocular surface and digital device use in school aged children ,mendeley,https://data.mendeley.com/datasets/vyb5fv6ppp,vyb5fv6ppp,1,1,True,official_archive_route_confirmed,,41857,0,Official version-specific Download All ZIP route confirmed. Archive contents are recorded in the content-verification log.
mendeley_cell_types_human_retina_its_organoids,Cell types of the human retina and its organoids at single-cell resolution. Cowan et al,mendeley,https://data.mendeley.com/datasets/sm67hr5bpm,sm67hr5bpm,1,1,True,official_archive_route_confirmed,,2634423250,0,"The current version-specific Download All route returned an official ZIP archive. Internal files will be enumerated during content inspection. The bearer-token response reflects the retired OAuth audience, not source unavailability."
mendeley_changes_retinal_photosensitivity_diabetic_retinopathy_therapy,Changes in retinal photosensitivity in diabetic retinopathy therapy,mendeley,https://data.mendeley.com/datasets/tsf8b4yj3j,tsf8b4yj3j,1,1,True,official_archive_route_confirmed,,962083,0,"The current version-specific Download All route returned an official ZIP archive. Internal files will be enumerated during content inspection. The bearer-token response reflects the retired OAuth audience, not source unavailability."
mendeley_chemical_reprogramming_fibroblasts_into_functional_retinal,Chemical Reprogramming of Fibroblasts into Functional Retinal Pigment Epithelium Cells,mendeley,https://data.mendeley.com/datasets/sg2rywwwxb,sg2rywwwxb,1,1,True,official_archive_route_confirmed,,800743764,0,"The current version-specific Download All route returned an official ZIP archive. Internal files will be enumerated during content inspection. The bearer-token response reflects the retired OAuth audience, not source unavailability."
mendeley_clinical_application_cyanoacrylate_tissue_adhesive_pediatric,Clinical Application of Cyanoacrylate Tissue Adhesive in Pediatric Ophthalmic Emergency: A Randomized Controlled Study,mendeley,https://data.mendeley.com/datasets/ctnygyvwt5,ctnygyvwt5,1,1,True,official_archive_route_confirmed,,24529,0,"The current version-specific Download All route returned an official ZIP archive. Internal files will be enumerated during content inspection. The bearer-token response reflects the retired OAuth audience, not source unavailability."
mendeley_clinical_assessment_scleral_canal_expansion_glaucoma,Data for: Clinical Assessment of Scleral Canal Expansion in Glaucoma Using Spectral Domain Optical Coherence Tomography,mendeley,https://data.mendeley.com/datasets/7x3tgtskyj,7x3tgtskyj,2,2,True,official_archive_route_confirmed,,11108,0,"The current version-specific Download All route returned an official ZIP archive. Internal files will be enumerated during content inspection. The bearer-token response reflects the retired OAuth audience, not source unavailability."
mendeley_code_manuscript_fixational_eye_movements_as,Data and code for manuscript: Fixational eye movements as active sensation for high visual acuity,mendeley,https://data.mendeley.com/datasets/p7dyyrfds6,p7dyyrfds6,2,2,True,official_archive_route_confirmed,,41689690,0,"The current version-specific Download All route returned an official ZIP archive. Internal files will be enumerated during content inspection. The bearer-token response reflects the retired OAuth audience, not source unavailability."
mendeley_comparison_aqueous_humor_levels_plgf_vegf,Data for: Comparison of aqueous humor levels of PlGF and VEGF in proliferative diabetic retinopathy before and after intravitreal conbercept injection,mendeley,https://data.mendeley.com/datasets/wtcc9fcjdy,wtcc9fcjdy,1,1,True,official_archive_route_confirmed,,186054,0,"The current version-specific Download All route returned an official ZIP archive. Internal files will be enumerated during content inspection. The bearer-token response reflects the retired OAuth audience, not source unavailability."
mendeley_comparison_cervical_ocular_vestibular_evoked_myogenic,Comparison of Cervical and Ocular Vestibular Evoked Myogenic Potentials Among Individuals with Hearing Impairment Aged 50–70 Years,mendeley,https://data.mendeley.com/datasets/2jkhncb5kw,2jkhncb5kw,1,1,True,official_archive_route_confirmed,,20711,0,"The current version-specific Download All route returned an official ZIP archive. Internal files will be enumerated during content inspection. The bearer-token response reflects the retired OAuth audience, not source unavailability."
mendeley_comparison_clinical_outcomes_visual_quality_visual,"Comparison of clinical outcomes, visual quality and visual function of two presbyopia-correcting intraocular lenses made from the same material, but with different design and optics",mendeley,https://data.mendeley.com/datasets/y6n5k7s6f7,y6n5k7s6f7,1,1,True,official_archive_route_confirmed,,341499,0,"The current version-specific Download All route returned an official ZIP archive. Internal files will be enumerated during content inspection. The bearer-token response reflects the retired OAuth audience, not source unavailability."
mendeley_comparison_ocular_biometry_using_new_opticalcoherence,Comparison of ocular biometry using new OpticalCoherence Tomography-based Optical Biometer with Other Device. ,mendeley,https://data.mendeley.com/datasets/kwv73shvxh,kwv73shvxh,1,1,True,official_archive_route_confirmed,,121470,0,"The current version-specific Download All route returned an official ZIP archive. Internal files will be enumerated during content inspection. The bearer-token response reflects the retired OAuth audience, not source unavailability."
mendeley_comparison_retinal_choroidal_vascular_changes_via,Comparison of retinal and choroidal vascular changes via optical coherence tomography angiography between Pseudoexfoliative glaucoma and Pseudoexfoliative syndrome and control group,mendeley,https://data.mendeley.com/datasets/3m8fcfmp9j,3m8fcfmp9j,1,1,True,official_archive_route_confirmed,,16990,0,"The current version-specific Download All route returned an official ZIP archive. Internal files will be enumerated during content inspection. The bearer-token response reflects the retired OAuth audience, not source unavailability."
mendeley_comparison_two_novel_comfilcon_contact_lens,Comparison of Two Novel Comfilcon A Contact Lens Designs in the Management of Computer Vision Syndrome: A Pilot Study ,mendeley,https://data.mendeley.com/datasets/fnbxs7gb82,fnbxs7gb82,1,1,True,official_archive_route_confirmed,,49758,0,"The current version-specific Download All route returned an official ZIP archive. Internal files will be enumerated during content inspection. The bearer-token response reflects the retired OAuth audience, not source unavailability."
mendeley_conjunctival_melanoma_detection_using_deep_learning,Conjunctival melanoma detection using deep learning in smartphone images,mendeley,https://data.mendeley.com/datasets/t75wjsw6bw,t75wjsw6bw,2,2,True,official_archive_route_confirmed,,78861144,0,"The current version-specific Download All route returned an official ZIP archive. Internal files will be enumerated during content inspection. The bearer-token response reflects the retired OAuth audience, not source unavailability."
mendeley_contrast_sensitivity_visual_acuity_multifocal_contact,Data for: Contrast sensitivity and visual acuity with multifocal contact lenses with high additions dedicated for myopia progression control ,mendeley,https://data.mendeley.com/datasets/j5cw4wn23y,j5cw4wn23y,1,1,True,official_archive_route_confirmed,,22135,0,"The current version-specific Download All route returned an official ZIP archive. Internal files will be enumerated during content inspection. The bearer-token response reflects the retired OAuth audience, not source unavailability."
mendeley_corneal_higher_order_aberrations_stevens_johnson,Data for: Corneal Higher-order Aberrations in Stevens-Johnson Syndrome and Toxic Epidermal Necrolysis,mendeley,https://data.mendeley.com/datasets/2k96xky4rf,2k96xky4rf,1,1,True,official_archive_route_confirmed,,261102,0,"The current version-specific Download All route returned an official ZIP archive. Internal files will be enumerated during content inspection. The bearer-token response reflects the retired OAuth audience, not source unavailability."
mendeley_corneal_refractive_parameters_age_patients_without,corneal refractive parameters with age in patients without corneal diseases based on Fourier analysis ,mendeley,https://data.mendeley.com/datasets/yr8hbwmsvy,yr8hbwmsvy,1,1,True,official_archive_route_confirmed,,84806,0,Official version-specific Download All ZIP route confirmed. Archive contents are recorded in the content-verification log.
mendeley_cost_effectiveness_limited_vitrectomy_vision_degrading,Data for: Cost Effectiveness of Limited Vitrectomy for Vision Degrading Myodesopsia,mendeley,https://data.mendeley.com/datasets/487dpg7v38,487dpg7v38,1,1,True,official_archive_route_confirmed,,43557,0,"The current version-specific Download All route returned an official ZIP archive. Internal files will be enumerated during content inspection. The bearer-token response reflects the retired OAuth audience, not source unavailability."
mendeley_cp_anemic_conjunctival_pallor_ghana,CP-AnemiC (A Conjunctival Pallor) Dataset from Ghana,mendeley,https://data.mendeley.com/datasets/m53vz6b7fx,m53vz6b7fx,1,1,True,official_archive_route_confirmed,,8080717,0,"The current version-specific Download All route returned an official ZIP archive. Internal files will be enumerated during content inspection. The bearer-token response reflects the retired OAuth audience, not source unavailability."
mendeley_cust_iris,CUST-Iris,mendeley,https://data.mendeley.com/datasets/3j6skjpsng,3j6skjpsng,2,2,True,official_archive_route_confirmed,,66837910,0,Official version-specific Download All ZIP route confirmed. Archive contents are recorded in the content-verification log.
mendeley_deep_learning_prediction_uncorrected_refractive_error,Deep Learning for the Prediction of Uncorrected Refractive Error using OCT,mendeley,https://data.mendeley.com/datasets/89z7h5gnpw,89z7h5gnpw,2,2,True,official_archive_route_confirmed,,4938285,0,"The current version-specific Download All route returned an official ZIP archive. Internal files will be enumerated during content inspection. The bearer-token response reflects the retired OAuth audience, not source unavailability."
mendeley_demographic_profile_clinical_characteristics_patients_presenting,Demographic profile and clinical characteristics of patients presenting with acute ocular burns,mendeley,https://data.mendeley.com/datasets/hwnm88jyzg,hwnm88jyzg,1,1,True,official_archive_route_confirmed,,291360,0,Official version-specific Download All ZIP route confirmed. Archive contents are recorded in the content-verification log.
mendeley_development_deep_learning_based_system_optic,Dataset for - Development of a Deep Learning-based system for Optic Nerve characterization in Transorbital Ultrasound Images on a multicenter dataset,mendeley,https://data.mendeley.com/datasets/kw8gvp8m8x,kw8gvp8m8x,1,1,True,official_archive_route_confirmed,,6838621156,0,"The current version-specific Download All route returned an official ZIP archive. Internal files will be enumerated during content inspection. The bearer-token response reflects the retired OAuth audience, not source unavailability."
mendeley_development_deep_learning_model_epiretinal_membrane,Development of a deep learning model for epiretinal membrane detection in fundus photography,mendeley,https://data.mendeley.com/datasets/jrgntpv8b8,jrgntpv8b8,1,1,True,official_archive_route_confirmed,,1432114,0,"The current version-specific Download All route returned an official ZIP archive. Internal files will be enumerated during content inspection. The bearer-token response reflects the retired OAuth audience, not source unavailability."
mendeley_dex_combined_ppv_pdr,DEX combined PPV in PDR,mendeley,https://data.mendeley.com/datasets/zcmpcczdhs,zcmpcczdhs,1,1,True,official_archive_route_confirmed,,180822,0,Official version-specific Download All ZIP route confirmed. Archive contents are recorded in the content-verification log.
mendeley_difference_retinal_nerve_fiber_layer_thickness,Data for: Difference of the Retinal Nerve Fiber Layer Thickness Assessed on the Disc Center and Bruch’s Membrane Opening Center in Myopic Eyes,mendeley,https://data.mendeley.com/datasets/dtz8wmt5xt,dtz8wmt5xt,1,1,True,official_archive_route_confirmed,,5457,0,"The current version-specific Download All route returned an official ZIP archive. Internal files will be enumerated during content inspection. The bearer-token response reflects the retired OAuth audience, not source unavailability."
mendeley_digital_holograms_rbcs_glaucoma_patients_healthy,Digital holograms of RBCs from the glaucoma patients and healthy controls,mendeley,https://data.mendeley.com/datasets/tryd7r3wct,tryd7r3wct,3,3,True,official_archive_route_confirmed,,4656786686,0,"The current version-specific Download All route returned an official ZIP archive. Internal files will be enumerated during content inspection. The bearer-token response reflects the retired OAuth audience, not source unavailability."
mendeley_dme_classification_fundus_imaging_vision_transformers,DME Classification in Fundus Imaging with Vision Transformers and ETDRS-Guided Annotation,mendeley,https://data.mendeley.com/datasets/sdcfn87pvs,sdcfn87pvs,1,1,True,official_archive_route_confirmed,,1053540233,0,"The current version-specific Download All route returned an official ZIP archive. Internal files will be enumerated during content inspection. The bearer-token response reflects the retired OAuth audience, not source unavailability."
mendeley_dry_eye_symptoms_children_can_we,Dry eye symptoms in children: can we reliably measure them?,mendeley,https://data.mendeley.com/datasets/h79366vw73,h79366vw73,1,1,True,official_archive_route_confirmed,,36954,0,"The current version-specific Download All route returned an official ZIP archive. Internal files will be enumerated during content inspection. The bearer-token response reflects the retired OAuth audience, not source unavailability."
mendeley_early_detection_glaucomatous_visual_field_progression,Data for: Early Detection of Glaucomatous Visual Field Progression Using Pointwise Linear Regression with Binomial Test in the Central 10 Degrees,mendeley,https://data.mendeley.com/datasets/w34s5mhvpm,w34s5mhvpm,1,1,True,official_archive_route_confirmed,,81660,0,"The current version-specific Download All route returned an official ZIP archive. Internal files will be enumerated during content inspection. The bearer-token response reflects the retired OAuth audience, not source unavailability."
mendeley_effect_adlay_seed_extract_on_level,Effect of Adlay Seed Extract on the Level of Neuroprotection Gene Expression in Human Nasal Orbital Mesenchymal Stem Cells ,mendeley,https://data.mendeley.com/datasets/x7rcj9yz65,x7rcj9yz65,1,1,True,official_archive_route_confirmed,,178781,0,"The current version-specific Download All route returned an official ZIP archive. Internal files will be enumerated during content inspection. The bearer-token response reflects the retired OAuth audience, not source unavailability."
mendeley_effect_central_hole_location_phakic_intraocular,Data for: Effect of Central Hole Location of Phakic Intraocular Lens on Visual Function under Progressive Headlight Glare Sources.,mendeley,https://data.mendeley.com/datasets/jjknx3wbkf,jjknx3wbkf,1,1,True,official_archive_route_confirmed,,14757,0,"The current version-specific Download All route returned an official ZIP archive. Internal files will be enumerated during content inspection. The bearer-token response reflects the retired OAuth audience, not source unavailability."
mendeley_effect_one_hour_smartphone_gaming_on,"The effect of one hour smartphone gaming on blinking, ocular symptoms and tear film function in school-aged children ",mendeley,https://data.mendeley.com/datasets/zn64p6r992,zn64p6r992,1,1,True,controlled_access_required,,,0,The official public snapshot marks this record as confidential. Users must complete the source-specific controlled-access process.
mendeley_effect_prednisone_plus_either_adalimumab_or,Effect of prednisone plus either adalimumab or cyclosporine on dermatological symptoms in Vogt-Koyanagi-Harada disease: systemic outcomes from a randomized trial,mendeley,https://data.mendeley.com/datasets/yzv3mrvwf4,yzv3mrvwf4,1,1,True,official_archive_route_confirmed,,225732,0,"The current version-specific Download All route returned an official ZIP archive. Internal files will be enumerated during content inspection. The bearer-token response reflects the retired OAuth audience, not source unavailability."
mendeley_effects_implantable_collamer_lens_icl_implantation,The effects of implantable collamer lens ICL implantation in high myopia patients’ mental health,mendeley,https://data.mendeley.com/datasets/t6pmbvkvtd,t6pmbvkvtd,2,2,True,official_archive_route_confirmed,,82300,0,Official version-specific Download All ZIP route confirmed. Archive contents are recorded in the content-verification log.
mendeley_efficacy_combined_orthokeratology_0_01_atropine,Dataset for: Efficacy of combined orthokeratology and 0.01% atropine solution for slowing axial elongation in children with myopia: a 2-year randomised trial,mendeley,https://data.mendeley.com/datasets/y58rh8bfkv,y58rh8bfkv,7,7,True,official_archive_route_confirmed,,106903,0,"The current version-specific Download All route returned an official ZIP archive. Internal files will be enumerated during content inspection. The bearer-token response reflects the retired OAuth audience, not source unavailability."
mendeley_electrooculography_eog_blink_analysis_ocular_fatigue,Electrooculography (EOG) Dataset for Blink Analysis and Ocular Fatigue Detection,mendeley,https://data.mendeley.com/datasets/w7hm97cts5,w7hm97cts5,2,2,True,official_archive_route_confirmed,,2716217,0,Official version-specific Download All ZIP route confirmed. Archive contents are recorded in the content-verification log.
mendeley_et_pd_vis_eye_tracking_visualization,ET_PD_VIS: Eye Tracking Visualization Dataset on Trail Making Test for Parkinson’s Disease Analysis ,mendeley,https://data.mendeley.com/datasets/83htprx9y6,83htprx9y6,1,1,True,official_archive_route_confirmed,,72222368,0,"The current version-specific Download All route returned an official ZIP archive. Internal files will be enumerated during content inspection. The bearer-token response reflects the retired OAuth audience, not source unavailability."
mendeley_evaluation_dry_eye_severity_ocular_surface,Evaluation of dry eye severity and ocular surface inflammation in patients with pemphigus and pemphigoid,mendeley,https://data.mendeley.com/datasets/zzgw9t9jsy,zzgw9t9jsy,1,1,True,official_archive_route_confirmed,,23020,0,"The current version-specific Download All route returned an official ZIP archive. Internal files will be enumerated during content inspection. The bearer-token response reflects the retired OAuth audience, not source unavailability."
mendeley_evaluation_refractive_visual_outcomes_as_well,"Evaluation of refractive and visual outcomes, as well as astigmatism-correcting efficiency and rotational stability of a double-loop haptic toric intraocular lens - a one-year follow-up",mendeley,https://data.mendeley.com/datasets/r2v99nw7vg,r2v99nw7vg,1,1,True,official_archive_route_confirmed,,29702,0,"The current version-specific Download All route returned an official ZIP archive. Internal files will be enumerated during content inspection. The bearer-token response reflects the retired OAuth audience, not source unavailability."
mendeley_exome_sequencing_clec3b,Exome sequencing data for CLEC3B,mendeley,https://data.mendeley.com/datasets/xcw5x5z49r,xcw5x5z49r,1,1,True,source_blocked_by_author,,,0,The official public snapshot returned HTTP 451 and reports that access is blocked at the author's request.
mendeley_fferg_reference_healthy_controls_university_eye,ffERG Reference Data from Healthy Controls (University Eye Hospital Tuebingen),mendeley,https://data.mendeley.com/datasets/37wxt2ybvj,37wxt2ybvj,1,1,True,official_archive_route_confirmed,,39651,0,"The current version-specific Download All route returned an official ZIP archive. Internal files will be enumerated during content inspection. The bearer-token response reflects the retired OAuth audience, not source unavailability."
mendeley_foveal_cone_photoreceptor_outer_segment_length,Foveal cone photoreceptor outer segment length and cone density,mendeley,https://data.mendeley.com/datasets/89rykrg8j2,89rykrg8j2,1,1,True,official_archive_route_confirmed,,7196525899,0,"The current version-specific Download All route returned an official ZIP archive. Internal files will be enumerated during content inspection. The bearer-token response reflects the retired OAuth audience, not source unavailability."
mendeley_fundus_autofluorescence_premature_infants,Fundus Autofluorescence in Premature Infants,mendeley,https://data.mendeley.com/datasets/k5jsssjtmz,k5jsssjtmz,1,1,True,official_archive_route_confirmed,,286765293,0,"The current version-specific Download All route returned an official ZIP archive. Internal files will be enumerated during content inspection. The bearer-token response reflects the retired OAuth audience, not source unavailability."
mendeley_fundus_mctn,Fundus dataset of MCTN,mendeley,https://data.mendeley.com/datasets/spz4b8tbzt,spz4b8tbzt,1,1,True,official_archive_route_confirmed,,81493400,0,"The current version-specific Download All route returned an official ZIP archive. Internal files will be enumerated during content inspection. The bearer-token response reflects the retired OAuth audience, not source unavailability."
mendeley_hpsc_derived_photoreceptor_axon_extension_growth,hPSC-derived Photoreceptor Axon Extension and Growth Cone Motility Data Sets and Code,mendeley,https://data.mendeley.com/datasets/cpy5j23354,cpy5j23354,1,1,True,official_archive_route_confirmed,,1735502,0,"The current version-specific Download All route returned an official ZIP archive. Internal files will be enumerated during content inspection. The bearer-token response reflects the retired OAuth audience, not source unavailability."
mendeley_human_foveal_cone_topography_preferred_retinal,Human foveal cone topography and preferred retinal locus of fixation,mendeley,https://data.mendeley.com/datasets/9gkpxsmz23,9gkpxsmz23,1,1,True,official_archive_route_confirmed,,14217597,0,"The current version-specific Download All route returned an official ZIP archive. Internal files will be enumerated during content inspection. The bearer-token response reflects the retired OAuth audience, not source unavailability."
mendeley_human_mesenchymal_stem_cells_derived_adipose,Human mesenchymal stem cells derived from adipose tissue showed greater effect than from umbilical cord in promoting corneal graft survival through suppressing lymphangiogenesis,mendeley,https://data.mendeley.com/datasets/bm45p4tcbz,bm45p4tcbz,1,1,True,official_archive_route_confirmed,,12771788,0,"The current version-specific Download All route returned an official ZIP archive. Internal files will be enumerated during content inspection. The bearer-token response reflects the retired OAuth audience, not source unavailability."
mendeley_hvdropdb_datasets_classification_segmentation_research_retinopathy,"HVDROPDB Datasets for Classification and Segmentation for Research in Retinopathy of Prematurity, Ranjana Agrawal",mendeley,https://data.mendeley.com/datasets/xw5xc7xrmp,xw5xc7xrmp,3,3,True,official_archive_route_confirmed,,549276271,0,"The current version-specific Download All route returned an official ZIP archive. Internal files will be enumerated during content inspection. The bearer-token response reflects the retired OAuth audience, not source unavailability."
mendeley_identification_human_retinal_stem_like_cells,Identification of Human Retinal Stem-Like Cells for Retina Regeneration,mendeley,https://data.mendeley.com/datasets/s9wbscpsrs,s9wbscpsrs,3,3,True,official_archive_route_confirmed,,35478794,0,"The current version-specific Download All route returned an official ZIP archive. Internal files will be enumerated during content inspection. The bearer-token response reflects the retired OAuth audience, not source unavailability."
mendeley_imaging_retinal_choroidal_vasculature_using_spatio,Imaging the retinal and choroidal vasculature using Spatio-Temporal Optical Coherence Tomography (STOC-T),mendeley,https://data.mendeley.com/datasets/j39vyvp8ny,j39vyvp8ny,1,1,True,official_archive_route_confirmed,,201736250,0,"The current version-specific Download All route returned an official ZIP archive. Internal files will be enumerated during content inspection. The bearer-token response reflects the retired OAuth audience, not source unavailability."
mendeley_improved_retinal_displacement_quantification_between_retinal,Improved Retinal Displacement Quantification Between Retinal Vessels and Corresponding Retinal Vessel Printings Across the 3D Spherical Surface of the Eye: Dataset of Measurements on Fundus Autofluorescence Imaging,mendeley,https://data.mendeley.com/datasets/jxwkym2phr,jxwkym2phr,1,1,True,official_archive_route_confirmed,,505068,0,Official version-specific Download All ZIP route confirmed. Archive contents are recorded in the content-verification log.
mendeley_influence_angle_alpha_angle_kappa_optical,"The influence of angle alpha, angle kappa and optical aberra-tions on the visual outcomes after implantation of a high-addition trifocal IOL_2021",mendeley,https://data.mendeley.com/datasets/w5ws4pzzxr,w5ws4pzzxr,1,1,True,official_archive_route_confirmed,,82068,0,Official version-specific Download All ZIP route confirmed. Archive contents are recorded in the content-verification log.
mendeley_interocular_retinal_nerve_fiber_layer_thickness,Interocular retinal nerve fiber layer thickness differences,mendeley,https://data.mendeley.com/datasets/ss2nynfc8s,ss2nynfc8s,1,1,True,official_archive_route_confirmed,,375207,0,"The current version-specific Download All route returned an official ZIP archive. Internal files will be enumerated during content inspection. The bearer-token response reflects the retired OAuth audience, not source unavailability."
mendeley_iscev_standard_full_field_erg_reference,"ISCEV standard full-field ERG reference limits from 407 healthy subjects, derived from transference and validation of reference data between electrode types and centres",mendeley,https://data.mendeley.com/datasets/kcptb9jrf5,kcptb9jrf5,1,1,True,official_archive_route_confirmed,,52543,0,Official version-specific Download All ZIP route confirmed. Archive contents are recorded in the content-verification log.
mendeley_keratoconus_ukraine_children,Keratoconus Ukraine children ОХМАТДИТ ,mendeley,https://data.mendeley.com/datasets/ydmxn3264h,ydmxn3264h,1,1,True,official_archive_route_confirmed,,143404,0,"The current version-specific Download All route returned an official ZIP archive. Internal files will be enumerated during content inspection. The bearer-token response reflects the retired OAuth audience, not source unavailability."
mendeley_long_term_results_using_gelatin_microfistulae,Long-term results using gelatin microfistulae (XEN) implantation in glaucoma surgery.,mendeley,https://data.mendeley.com/datasets/7xjcbsmzzc,7xjcbsmzzc,1,1,True,official_archive_route_confirmed,,1523,0,"The current version-specific Download All route returned an official ZIP archive. Internal files will be enumerated during content inspection. The bearer-token response reflects the retired OAuth audience, not source unavailability."
mendeley_long_term_safety_efficacy_limited_vitrectomy,Data for: Long-Term Safety and Efficacy of Limited Vitrectomy for Vision Degrading Vitreopathy from Vitreous Floaters,mendeley,https://data.mendeley.com/datasets/dnss5ttn73,dnss5ttn73,1,1,True,official_archive_route_confirmed,,98687,0,"The current version-specific Download All route returned an official ZIP archive. Internal files will be enumerated during content inspection. The bearer-token response reflects the retired OAuth audience, not source unavailability."
mendeley_micro_go_study_transcriptional_profiling_orbital,MICRO-GO study: transcriptional profiling of orbital tissues in Graves’ orbitopathy & microbiome composition,mendeley,https://data.mendeley.com/datasets/mrvmsrn9r6,mrvmsrn9r6,1,1,True,official_archive_route_confirmed,,153521,0,"The current version-specific Download All route returned an official ZIP archive. Internal files will be enumerated during content inspection. The bearer-token response reflects the retired OAuth audience, not source unavailability."
mendeley_microvascular_changes_poag_after_npds,Microvascular changes in POAG after NPDS,mendeley,https://data.mendeley.com/datasets/vc99wcmvk2,vc99wcmvk2,2,2,True,official_archive_route_confirmed,,7397,0,"The current version-specific Download All route returned an official ZIP archive. Internal files will be enumerated during content inspection. The bearer-token response reflects the retired OAuth audience, not source unavailability."
mendeley_multi_class_retinal_fundus_image_deep,A Multi-Class Retinal Fundus Image Dataset for Deep Learning-Based Ocular Disease Diagnosis,mendeley,https://data.mendeley.com/datasets/z227d626vm,z227d626vm,1,1,True,official_archive_route_confirmed,,3660282162,0,Official version-specific Download All ZIP route confirmed. Archive contents are recorded in the content-verification log.
mendeley_myopia_metal_mixture_exposure,Dataset: Myopia and Metal Mixture Exposure,mendeley,https://data.mendeley.com/datasets/jgh7dxdwyy,jgh7dxdwyy,1,1,True,official_archive_route_confirmed,,2696102,0,"The current version-specific Download All route returned an official ZIP archive. Internal files will be enumerated during content inspection. The bearer-token response reflects the retired OAuth audience, not source unavailability."
mendeley_nagyz_liberty_677my_vs_alcon_acrysof,NagyZ_Liberty 677MY vs. Alcon AcrySof,mendeley,https://data.mendeley.com/datasets/zygxgyf4ns,zygxgyf4ns,1,1,True,official_archive_route_confirmed,,128925,0,Official version-specific Download All ZIP route confirmed. Archive contents are recorded in the content-verification log.
mendeley_netarsudil_on_kdb_treated_eyes,Netarsudil on KDB-treated Eyes,mendeley,https://data.mendeley.com/datasets/r6gw6fnvdm,r6gw6fnvdm,1,1,True,official_archive_route_confirmed,,3815,0,Official version-specific Download All ZIP route confirmed. Archive contents are recorded in the content-verification log.
mendeley_neurophysiologic_ophthalmic_markers_chemotherapy_related_cognitive,Data for: Neurophysiologic and ophthalmic markers of chemotherapy-related cognitive impairment in patients diagnosed with hematologic cancer,mendeley,https://data.mendeley.com/datasets/npt7rp69gm,npt7rp69gm,1,1,True,official_archive_route_confirmed,,21011,0,"The current version-specific Download All route returned an official ZIP archive. Internal files will be enumerated during content inspection. The bearer-token response reflects the retired OAuth audience, not source unavailability."
mendeley_nuclear_cataract_database_biomedical_machine_learning,Nuclear Cataract Database for Biomedical and Machine Learning Applications,mendeley,https://data.mendeley.com/datasets/6wv33nbcvv,6wv33nbcvv,2,2,True,official_archive_route_confirmed,,648204770,0,"The current version-specific Download All route returned an official ZIP archive. Internal files will be enumerated during content inspection. The bearer-token response reflects the retired OAuth audience, not source unavailability."
mendeley_ocular_biometry, OCULAR BIOMETRY DATA,mendeley,https://data.mendeley.com/datasets/4twnn4546j,4twnn4546j,1,1,True,official_archive_route_confirmed,,21117,0,"The current version-specific Download All route returned an official ZIP archive. Internal files will be enumerated during content inspection. The bearer-token response reflects the retired OAuth audience, not source unavailability."
mendeley_ocular_sebaceous_neoplasms,Ocular sebaceous neoplasms,mendeley,https://data.mendeley.com/datasets/xg9jcjn388,xg9jcjn388,1,1,True,official_archive_route_confirmed,,453018601,0,"The current version-specific Download All route returned an official ZIP archive. Internal files will be enumerated during content inspection. The bearer-token response reflects the retired OAuth audience, not source unavailability."
mendeley_ocular_surface_disorders_affect_quality_life,Ocular Surface Disorders Affect Quality of Life in Patients with Autoimmune Blistering Skin Diseases: A Cross-Sectional Study,mendeley,https://data.mendeley.com/datasets/73r8vrxksx,73r8vrxksx,1,1,True,official_archive_route_confirmed,,25638,0,"The current version-specific Download All route returned an official ZIP archive. Internal files will be enumerated during content inspection. The bearer-token response reflects the retired OAuth audience, not source unavailability."
mendeley_on_comparison_ocular_surface_disease_index,"Dataset on comparison of the ocular surface disease index questionnaire, the tear film break-up time and Schirmer tests for the evaluation of tear film in computer users and contact lenses without dry eye symptoms",mendeley,https://data.mendeley.com/datasets/m7fzwvsm77,m7fzwvsm77,1,1,True,official_archive_route_confirmed,,11252,0,"The current version-specific Download All route returned an official ZIP archive. Internal files will be enumerated during content inspection. The bearer-token response reflects the retired OAuth audience, not source unavailability."
mendeley_ophthalmic_anthropometry_malawians,Ophthalmic Anthropometry of Malawians,mendeley,https://data.mendeley.com/datasets/bctfh4m93c,bctfh4m93c,1,1,True,official_archive_route_confirmed,,21211,0,"The current version-specific Download All route returned an official ZIP archive. Internal files will be enumerated during content inspection. The bearer-token response reflects the retired OAuth audience, not source unavailability."
mendeley_ophthalmic_stroke_biomarkers_south_asia,Ophthalmic Stroke Biomarkers in south Asia,mendeley,https://data.mendeley.com/datasets/whpsmdc2gk,whpsmdc2gk,1,1,True,official_archive_route_confirmed,,37888,0,"The current version-specific Download All route returned an official ZIP archive. Internal files will be enumerated during content inspection. The bearer-token response reflects the retired OAuth audience, not source unavailability."
mendeley_optical_coherence_tomography_oct_images_proliferative,"Optical Coherence Tomography (OCT) Images of Proliferative Vitreoretinopathy, Uveitis, and Normal Eyes",mendeley,https://data.mendeley.com/datasets/hbr5pwk5w5,hbr5pwk5w5,1,1,True,official_archive_route_confirmed,,7566521,0,"The current version-specific Download All route returned an official ZIP archive. Internal files will be enumerated during content inspection. The bearer-token response reflects the retired OAuth audience, not source unavailability."
mendeley_orbscan_iiz_anterior_maps,"Multimodal Orbscan IIz Dataset: 3,000 Axial Power Anterior Maps with OCR-Extracted Clinical Parameters from 3,000 Unique Patients",mendeley,https://data.mendeley.com/datasets/78wt2nc387,78wt2nc387,3,3,True,official_archive_route_confirmed,,1315199929,0,"The current version-specific Download All route returned an official ZIP archive. Internal files will be enumerated during content inspection. The bearer-token response reflects the retired OAuth audience, not source unavailability."
mendeley_performance_corneal_vs_scleral_rigid_gas,Data for: Performance of corneal vs. scleral rigid gas permeable contact lenses for ectatic corneal disorders,mendeley,https://data.mendeley.com/datasets/gmrbh4fvt2,gmrbh4fvt2,1,1,True,official_archive_route_confirmed,,4922389,0,"The current version-specific Download All route returned an official ZIP archive. Internal files will be enumerated during content inspection. The bearer-token response reflects the retired OAuth audience, not source unavailability."
mendeley_peripapillary_retinal_nerve_fiber_layer_thinning,Data for: Peripapillary Retinal Nerve Fiber Layer Thinning in Genetic Generalized Epilepsy,mendeley,https://data.mendeley.com/datasets/wyys4gvk4n,wyys4gvk4n,1,1,True,official_archive_route_confirmed,,12060,0,"The current version-specific Download All route returned an official ZIP archive. Internal files will be enumerated during content inspection. The bearer-token response reflects the retired OAuth audience, not source unavailability."
mendeley_plasma_energy_metabolomics_patients_ocular_disease,plasma energy metabolomics in patients with ocular disease,mendeley,https://data.mendeley.com/datasets/tybzw7zsng,tybzw7zsng,1,1,True,official_archive_route_confirmed,,22705,0,"The current version-specific Download All route returned an official ZIP archive. Internal files will be enumerated during content inspection. The bearer-token response reflects the retired OAuth audience, not source unavailability."
mendeley_post_intravitreal_injection_ciprofloxacin_conjunctival_flora,Data for: Post-Intravitreal Injection Ciprofloxacin and Conjunctival Flora Resistance,mendeley,https://data.mendeley.com/datasets/53nxz6xr5j,53nxz6xr5j,1,1,True,official_archive_route_confirmed,,14311,0,"The current version-specific Download All route returned an official ZIP archive. Internal files will be enumerated during content inspection. The bearer-token response reflects the retired OAuth audience, not source unavailability."
mendeley_postural_stargardt_s_syndrome_patients,Data for: Postural data from Stargardt's syndrome patients,mendeley,https://data.mendeley.com/datasets/5rz9j8t6p4,5rz9j8t6p4,2,2,True,official_archive_route_confirmed,,182684592,0,"The current version-specific Download All route returned an official ZIP archive. Internal files will be enumerated during content inspection. The bearer-token response reflects the retired OAuth audience, not source unavailability."
mendeley_proteomic_analysis_human_autoimmune_retinopathy_air,Proteomic analysis of human autoimmune retinopathy (AIR) vitreous,mendeley,https://data.mendeley.com/datasets/t7yrm5x3ws,t7yrm5x3ws,1,1,True,official_archive_route_confirmed,,3906412527,0,Official version-specific Download All ZIP route confirmed. Archive contents are recorded in the content-verification log.
mendeley_quantified_processed_microarray_22_individuals_without,Quantified processed microarray data for 22 individuals with and without proliferative retinopathy,mendeley,https://data.mendeley.com/datasets/72b47vpgtz,72b47vpgtz,1,1,True,official_archive_route_confirmed,,16614105,0,"The current version-specific Download All route returned an official ZIP archive. Internal files will be enumerated during content inspection. The bearer-token response reflects the retired OAuth audience, not source unavailability."
mendeley_radial_peripapillary_capillary_density_as_predictive,Radial peripapillary capillary density as a predictive factor for glaucoma in eyes with ocular hypertension,mendeley,https://data.mendeley.com/datasets/h9tntd4gkf,h9tntd4gkf,1,1,True,official_archive_route_confirmed,,19381,0,"The current version-specific Download All route returned an official ZIP archive. Internal files will be enumerated during content inspection. The bearer-token response reflects the retired OAuth audience, not source unavailability."
mendeley_raw_manuscript_light_responsive_microrna_molecules,RAW DATA to manuscript: Light-Responsive MicroRNA Molecules in Human Retinal Organoids are Differentially Regulated by Distinct Wavelengths of Light,mendeley,https://data.mendeley.com/datasets/8ksg9fssd9,8ksg9fssd9,1,1,True,official_archive_route_confirmed,,57822,0,"The current version-specific Download All route returned an official ZIP archive. Internal files will be enumerated during content inspection. The bearer-token response reflects the retired OAuth audience, not source unavailability."
mendeley_red_lesion_localization_messidor_retinal_images,Red lesion localization for MESSIDOR retinal images dataset using patch-based convolutional neural networks.,mendeley,https://data.mendeley.com/datasets/3r5m3nfdkv,3r5m3nfdkv,1,1,True,official_archive_route_confirmed,,26420570,0,"The current version-specific Download All route returned an official ZIP archive. Internal files will be enumerated during content inspection. The bearer-token response reflects the retired OAuth audience, not source unavailability."
mendeley_refractive_error_visual_impairment_among_school,"Refractive error and Visual Impairment data among school children in Blantyre, Southern Malawi",mendeley,https://data.mendeley.com/datasets/crgbf93fnw,crgbf93fnw,2,2,True,official_archive_route_confirmed,,7538281,0,"The current version-specific Download All route returned an official ZIP archive. Internal files will be enumerated during content inspection. The bearer-token response reflects the retired OAuth audience, not source unavailability."
mendeley_retina_identification_database_ridb,Retina Identification Database (RIDB),mendeley,https://data.mendeley.com/datasets/tjw3zwntv6,tjw3zwntv6,2,2,True,official_archive_route_confirmed,,4567622,0,Official version-specific Download All ZIP route confirmed. Archive contents are recorded in the content-verification log.
mendeley_retinal_blood_vessel_segmentation_rop,Retinal blood vessel segmentation(ROP),mendeley,https://data.mendeley.com/datasets/prcy36j53v,prcy36j53v,1,1,True,official_archive_route_confirmed,,90915860,0,"The current version-specific Download All route returned an official ZIP archive. Internal files will be enumerated during content inspection. The bearer-token response reflects the retired OAuth audience, not source unavailability."
mendeley_rop_retinopathy_prematurity_infants_serum_metabolomic,ROP (retinopathy of prematurity) infants' serum metabolomic data,mendeley,https://data.mendeley.com/datasets/7r7xt6pf6x,7r7xt6pf6x,5,5,True,official_archive_route_confirmed,,4149397,0,"The current version-specific Download All route returned an official ZIP archive. Internal files will be enumerated during content inspection. The bearer-token response reflects the retired OAuth audience, not source unavailability."
mendeley_sars_cov_2_infection_ocular_cells,"SARS-CoV-2 infection of ocular cells from human adult donor eyes and hESC-derived ocular lineages, Eriksen et al",mendeley,https://data.mendeley.com/datasets/jgw2mcgb67,jgw2mcgb67,1,1,True,official_archive_route_confirmed,,360635,0,"The current version-specific Download All route returned an official ZIP archive. Internal files will be enumerated during content inspection. The bearer-token response reflects the retired OAuth audience, not source unavailability."
mendeley_selective_laser_trabeculoplasty_patients_angle_recession,Data for: Selective Laser Trabeculoplasty in patients with angle recession glaucoma: a case series.,mendeley,https://data.mendeley.com/datasets/rvw8k4k8g7,rvw8k4k8g7,1,1,True,official_archive_route_confirmed,,96474,0,"The current version-specific Download All route returned an official ZIP archive. Internal files will be enumerated during content inspection. The bearer-token response reflects the retired OAuth audience, not source unavailability."
mendeley_serum_proteomic_profiles_keratoconus_post_laser,"Serum proteomic profiles in keratoconus, post-laser vision correction ectasia, and pellucid marginal degeneration",mendeley,https://data.mendeley.com/datasets/yzsktrxh6y,yzsktrxh6y,1,1,True,official_archive_route_confirmed,,2250401,0,"The current version-specific Download All route returned an official ZIP archive. Internal files will be enumerated during content inspection. The bearer-token response reflects the retired OAuth audience, not source unavailability."
mendeley_set_relationship_between_plasma_amino_acid,data set of Relationship between plasma amino acid and carnitine levels and primary angle closure glaucoma based on mass spectrometry metabolomics,mendeley,https://data.mendeley.com/datasets/fn9986thfh,fn9986thfh,1,1,True,official_archive_route_confirmed,,333837,0,"The current version-specific Download All route returned an official ZIP archive. Internal files will be enumerated during content inspection. The bearer-token response reflects the retired OAuth audience, not source unavailability."
mendeley_spatio_temporal_optical_coherence_tomography_provides,Spatio-Temporal Optical Coherence Tomography provides full thickness imaging of the chorioretinal complex,mendeley,https://data.mendeley.com/datasets/9pzm3mbp7w,9pzm3mbp7w,2,2,True,official_archive_route_confirmed,,7748791482,0,"The current version-specific Download All route returned an official ZIP archive. Internal files will be enumerated during content inspection. The bearer-token response reflects the retired OAuth audience, not source unavailability."
mendeley_sub_cone_visual_resolution_by_active,"Data from: Sub-cone visual resolution by active, adaptive sampling in the human foveola",mendeley,https://data.mendeley.com/datasets/zp6d5w8kdv,zp6d5w8kdv,1,1,True,official_archive_route_confirmed,,11251875,0,Official version-specific Download All ZIP route confirmed. Archive contents are recorded in the content-verification log.
mendeley_superficial_conjunctival_cells_dupilumab_treated_atopic,Superficial Conjunctival Cells from Dupilumab-treated Atopic Dermatitis Patients with Ocular Adverse Events Display a Transcriptomic Psoriasis Signature,mendeley,https://data.mendeley.com/datasets/222mnygnjz,222mnygnjz,1,1,True,official_archive_route_confirmed,,75204976,0,"The current version-specific Download All route returned an official ZIP archive. Internal files will be enumerated during content inspection. The bearer-token response reflects the retired OAuth audience, not source unavailability."
mendeley_test_results_article_motion_perception_glaucoma,"Test results - Article ""Motion perception and glaucoma""",mendeley,https://data.mendeley.com/datasets/zhz8kjsykf,zhz8kjsykf,1,1,True,official_archive_route_confirmed,,36560,0,"The current version-specific Download All route returned an official ZIP archive. Internal files will be enumerated during content inspection. The bearer-token response reflects the retired OAuth audience, not source unavailability."
mendeley_towards_ocular_biomarkers_sarcopenia_result_korean,Towards ocular biomarkers for sarcopenia: a result from a Korean nationwide cross-sectional study,mendeley,https://data.mendeley.com/datasets/h547645876,h547645876,1,1,True,official_archive_route_confirmed,,11232983,0,"The current version-specific Download All route returned an official ZIP archive. Internal files will be enumerated during content inspection. The bearer-token response reflects the retired OAuth audience, not source unavailability."
mendeley_trabecular_microbypass_stent_implantation_pseudophakic_eyes,Data for: Trabecular microbypass stent implantation in pseudophakic eyes with open-angle glaucoma: long-term results,mendeley,https://data.mendeley.com/datasets/zsxt8wk4sh,zsxt8wk4sh,1,1,True,official_archive_route_confirmed,,11540,0,Official version-specific Download All ZIP route confirmed. Archive contents are recorded in the content-verification log.
mendeley_two_photon_excited_fluorescence_scanning_laser,Two-photon excited fluorescence scanning laser ophthalmoscopy images and software for data processing,mendeley,https://data.mendeley.com/datasets/nhpnt78ssy,nhpnt78ssy,1,1,True,official_archive_route_confirmed,,22042848,0,Official version-specific Download All ZIP route confirmed. Archive contents are recorded in the content-verification log.
mendeley_utilizing_responsive_web_portal_studying_disc,Data for: Utilizing A Responsive Web Portal For Studying Disc Tracing Agreement in Retinal Images,mendeley,https://data.mendeley.com/datasets/7xv5rzxgrh,7xv5rzxgrh,1,1,True,official_archive_route_confirmed,,1073785598,0,"The current version-specific Download All route returned an official ZIP archive. Internal files will be enumerated during content inspection. The bearer-token response reflects the retired OAuth audience, not source unavailability."
mendeley_vivo_analysis_comparison_anterior_segment_structures,In Vivo Analysis and Comparison of Anterior Segment Structures of Both Eyes in Unilateral Herpetic Anterior Uveitis,mendeley,https://data.mendeley.com/datasets/hmz2cz3jcg,hmz2cz3jcg,1,1,True,official_archive_route_confirmed,,11307,0,"The current version-specific Download All route returned an official ZIP archive. Internal files will be enumerated during content inspection. The bearer-token response reflects the retired OAuth audience, not source unavailability."
mendeley_vivo_cone_photoreceptor_topography_human_foveola,In-vivo cone photoreceptor topography of the human foveola,mendeley,https://data.mendeley.com/datasets/m5nkpb8phv,m5nkpb8phv,1,1,True,official_archive_route_confirmed,,5059199783,0,"The current version-specific Download All route returned an official ZIP archive. Internal files will be enumerated during content inspection. The bearer-token response reflects the retired OAuth audience, not source unavailability."
mured,MuReD: Multi-label Retinal Diseases Dataset,mendeley,https://data.mendeley.com/datasets/pc4mb3h8hz/1,pc4mb3h8hz,1,1,True,official_archive_route_confirmed,,5438656680,0,Official version-specific Download All ZIP route confirmed. Archive contents are recorded in the content-verification log.
myopic_regression_fundus,Myopic Regression after Corneal Refractive Surgery Fundus Sample,mendeley,https://data.mendeley.com/datasets/k34rvfw3dg/2,k34rvfw3dg,2,2,True,official_archive_route_confirmed,,455114719,0,Official version-specific Download All ZIP route confirmed. Archive contents are recorded in the content-verification log.
nehut,NEH-UT Retinal OCT Dataset,mendeley,https://data.mendeley.com/datasets/8kt969dhx6/2,8kt969dhx6,2,2,True,official_archive_route_confirmed,,4208585380,0,Official version-specific Download All ZIP route confirmed. Archive contents are recorded in the content-verification log.
octa_macula_coronal,OCTA Macula Coronal Views,mendeley,https://data.mendeley.com/datasets/p5h7x55zw7/1,p5h7x55zw7,1,1,True,official_archive_route_confirmed,,1503928037,0,Official version-specific Download All ZIP route confirmed. Archive contents are recorded in the content-verification log.
octdl,OCTDL: OCT Deep Learning Dataset,mendeley,https://data.mendeley.com/datasets/sncdhf53xc/4,sncdhf53xc,4,4,True,official_archive_route_confirmed,,398533795,0,Official version-specific Download All ZIP route confirmed. Archive contents are recorded in the content-verification log.
rao_fundus,RAO Retinal Artery Occlusion Fundus Photography Dataset,mendeley,https://data.mendeley.com/datasets/5428684j44/2,5428684j44,2,2,True,official_archive_route_confirmed,,65899640,0,"The current version-specific Download All route returned an official ZIP archive. Internal files will be enumerated during content inspection. The bearer-token response reflects the retired OAuth audience, not source unavailability."
retinal_corrugations_oct,Outer Retinal Corrugations Imaging Dataset,mendeley,https://data.mendeley.com/datasets/bzsc7gd9p3/2,bzsc7gd9p3,2,2,True,official_archive_route_confirmed,,242571534,0,Official version-specific Download All ZIP route confirmed. Archive contents are recorded in the content-verification log.
rop_synthetic_mendeley,Synthetic Medical Images for ROP Diagnosis,mendeley,https://data.mendeley.com/datasets/fscyyhg6vt/1,fscyyhg6vt,1,1,True,official_archive_route_confirmed,,22101316,0,Official version-specific Download All ZIP route confirmed. Archive contents are recorded in the content-verification log.
thyroid_ophthalmopathy_external,Thyroid Ophthalmopathy External Ocular Images,mendeley,https://data.mendeley.com/datasets/z7ys7r4bdn/2,z7ys7r4bdn,2,2,True,official_archive_route_confirmed,,5582645,0,"The current version-specific Download All route returned an official ZIP archive. Internal files will be enumerated during content inspection. The bearer-token response reflects the retired OAuth audience, not source unavailability."
uveitis_smote,Image Dataset on Eye Diseases Classification with Symptoms and SMOTE Validation,mendeley,https://data.mendeley.com/datasets/n9zp473wfw/2,n9zp473wfw,2,2,True,official_archive_route_confirmed,,42753308,0,Official version-specific Download All ZIP route confirmed. Archive contents are recorded in the content-verification log.
