record_id,canonical_name,official_source_url,catalog_version,catalog_search_cutoff,quantity_review_date,available_nonprimary_quantities,reason
anterior_uveitis_corneal_endothelium,Anterior Uveitis Corneal Endothelium Dataset,https://doi.org/10.6084/m9.figshare.32054064.v1,0.6.0,2026-08-02,2026-08-02,[],No reproducible primary item count was exposed for the cataloged source version.
aqp4_optic_neuritis_oct_layers,AQP4 Optic Neuritis OCT Layers Dataset,https://doi.org/10.6084/m9.figshare.3209908.v1,0.6.0,2026-08-02,2026-08-02,[],No reproducible primary item count was exposed for the cataloged source version.
asd_eye_tracking,Autism Spectrum Disorder Eye-Tracking Dataset,https://doi.org/10.6084/m9.figshare.20113592.v1,0.6.0,2026-08-02,2026-08-02,[],No reproducible primary item count was exposed for the cataloged source version.
casia2_as_oct_repeatability,CASIA2 Anterior-Segment OCT Repeatability Dataset,https://doi.org/10.6084/m9.figshare.29302664.v1,0.6.0,2026-08-02,2026-08-02,[],No reproducible primary item count was exposed for the cataloged source version.
casia2_keratometric_astigmatism,CASIA2 Keratometric Astigmatism Dataset,https://doi.org/10.6084/m9.figshare.26395018.v1,0.6.0,2026-08-02,2026-08-02,[],No reproducible primary item count was exposed for the cataloged source version.
cataract_iol_biometry_outcomes,Cataract IOL Biometry and Outcomes Dataset,https://doi.org/10.6084/m9.figshare.22736687.v1,0.6.0,2026-08-02,2026-08-02,[],No reproducible primary item count was exposed for the cataloged source version.
cataract_lenstar_biometric_symmetry,Cataract LenStar Biometric Symmetry Dataset,https://doi.org/10.6084/m9.figshare.32833895.v1,0.6.0,2026-08-02,2026-08-02,[],No reproducible primary item count was exposed for the cataloged source version.
china_fundus_cimt,China Fundus and Carotid Intima-Media Thickness Dataset,https://doi.org/10.6084/m9.figshare.27907056.v1,0.6.0,2026-08-02,2026-08-02,[],No reproducible primary item count was exposed for the cataloged source version.
corneal_nerve_parkinsons,Corneal Nerve Parkinson Disease Dataset,https://doi.org/10.6084/m9.figshare.28189571.v1,0.6.0,2026-08-02,2026-08-02,[],No reproducible primary item count was exposed for the cataloged source version.
cyp1b1_poag_genotypes,CYP1B1 Primary Open-Angle Glaucoma Genotype Dataset,https://doi.org/10.25451/flinders.16545561.v1,0.6.0,2026-08-02,2026-08-02,[],No reproducible primary item count was exposed for the cataloged source version.
dryad_acanthamoeba_keratitis_transcriptome,Human conjunctival transcriptome in Acanthamoeba keratitis: An exploratory study,https://doi.org/10.5061/dryad.k3j9kd5fx,0.6.0,2026-08-02,2026-08-02,[],No reproducible primary item count was exposed for the cataloged source version.
dryad_clcc1_retinitis_pigmentosa,CLCC1 Retinitis Pigmentosa Genomics Dataset,https://doi.org/10.5061/dryad.3vv31qq,0.6.0,2026-08-02,2026-08-02,[],No reproducible primary item count was exposed for the cataloged source version.
dryad_congenital_cataract_sight_restoration,Congenital Cataract Sight Restoration Dataset,https://doi.org/10.5061/dryad.0gb5mkm9b,0.6.0,2026-08-02,2026-08-02,[],No reproducible primary item count was exposed for the cataloged source version.
dryad_corneal_biomechanics_prostaglandin,Changes in corneal biomechanical properties after long-term topical prostaglandin therapy,https://doi.org/10.5061/dryad.d35s0,0.6.0,2026-08-02,2026-08-02,[],No reproducible primary item count was exposed for the cataloged source version.
dryad_corneal_conjunctivitis_biomarker,Corneal Conjunctivitis Biomarker Dataset,https://doi.org/10.5061/dryad.4j0zpc8mm,0.6.0,2026-08-02,2026-08-02,[],No reproducible primary item count was exposed for the cataloged source version.
dryad_d1zd5s,Single cell transcriptomic analyses reveal the impact of bHLH factors on human retinal organoid development,https://doi.org/10.5068/d1zd5s,0.6.0,2026-08-02,2026-08-02,[],No reproducible primary item count was exposed for the cataloged source version.
dryad_fundus_venous_pulsation,Fundus Venous Pulsation Sequence Dataset,https://doi.org/10.5061/dryad.56f1h,0.6.0,2026-08-02,2026-08-02,[],No reproducible primary item count was exposed for the cataloged source version.
dryad_glaucoma_lhon_mitochondrial,Glaucoma and LHON Mitochondrial Function Dataset,https://doi.org/10.5061/dryad.2k4v4,0.6.0,2026-08-02,2026-08-02,[],No reproducible primary item count was exposed for the cataloged source version.
dryad_huntingtons_retinal_oct,Is retina affected in Huntington's disease? Is optical coherence tomography a good biomarker?,https://doi.org/10.5061/dryad.ncjsxksxr,0.6.0,2026-08-02,2026-08-02,[],No reproducible primary item count was exposed for the cataloged source version.
dryad_iris_surface_features,Iris Surface Features Dataset,https://doi.org/10.5061/dryad.0kt87,0.6.0,2026-08-02,2026-08-02,[],No reproducible primary item count was exposed for the cataloged source version.
dryad_nigeria_cataract_services,Nigeria Cataract Services Dataset,https://doi.org/10.5061/dryad.13bp2,0.6.0,2026-08-02,2026-08-02,[],No reproducible primary item count was exposed for the cataloged source version.
dryad_ocular_surface_amr,Ocular Surface AMR Keratitis Dataset,https://doi.org/10.5061/dryad.6t1g1jx9s,0.6.0,2026-08-02,2026-08-02,[],No reproducible primary item count was exposed for the cataloged source version.
dryad_optic_neuritis_metacontrast,Dichoptic metacontrast masking functions to infer transmission delay in optic neuritis,https://doi.org/10.5061/dryad.cp4j7,0.6.0,2026-08-02,2026-08-02,[],No reproducible primary item count was exposed for the cataloged source version.
dryad_pediatric_secondary_iol,Pediatric Secondary IOL Outcome Dataset,https://doi.org/10.5061/dryad.5t9d1,0.6.0,2026-08-02,2026-08-02,[],No reproducible primary item count was exposed for the cataloged source version.
dryad_pk31jt2,Data from: Low incidence of choroidal neovascularization following subthreshold diode micropulse laser (SDM) in high-risk AMD,https://doi.org/10.5061/dryad.pk31jt2,0.6.0,2026-08-02,2026-08-02,[],No reproducible primary item count was exposed for the cataloged source version.
dryad_pnvx0k6hv,Time trends and associated factors of axial length in 4 and 5 year-olds children in Shanghai from 2013 to 2019,https://doi.org/10.5061/dryad.pnvx0k6hv,0.6.0,2026-08-02,2026-08-02,[],No reproducible primary item count was exposed for the cataloged source version.
dryad_preeclampsia_ocular_octa,Plane wave ultrasound and OCT angiography of the eye in preeclampsia,https://doi.org/10.5061/dryad.j0zpc86kg,0.6.0,2026-08-02,2026-08-02,[],No reproducible primary item count was exposed for the cataloged source version.
dryad_pzgmsbcfw,Anti-vegf therapy in diabetic macular oedema patients over four years,https://doi.org/10.5061/dryad.pzgmsbcfw,0.6.0,2026-08-02,2026-08-02,[],No reproducible primary item count was exposed for the cataloged source version.
dryad_rao_multiomics,Data and code from: Fatty acid metabolism reprograms immune microenvironment in retinal artery occlusion: Multi-Omics analysis highlights immunometabolic crosstalk,https://doi.org/10.5061/dryad.98sf7m0wt,0.6.0,2026-08-02,2026-08-02,[],No reproducible primary item count was exposed for the cataloged source version.
dryad_rn8pk0p70,Socioeconomic status and decreasing incidence of ocular injuries in Bosnia and Herzegovina,https://doi.org/10.5061/dryad.rn8pk0p70,0.6.0,2026-08-02,2026-08-02,[],No reproducible primary item count was exposed for the cataloged source version.
dryad_rop_plane_wave_doppler,ROP Plane-Wave Doppler Dataset,https://doi.org/10.5061/dryad.612jm649r,0.6.0,2026-08-02,2026-08-02,[],No reproducible primary item count was exposed for the cataloged source version.
dryad_rpgr_cone_rod_wes,RPGR Cone-Rod Dystrophy WES Dataset,https://doi.org/10.5061/dryad.5qfttdz5d,0.6.0,2026-08-02,2026-08-02,[],No reproducible primary item count was exposed for the cataloged source version.
dryad_shanghai_myopia_2014_2018,"Age-related change of axial length, spherical equivalent, prevalence of myopia and high myopia in school-age children in Shanghai: 2014 to 2018",https://doi.org/10.5061/dryad.c2fqz615c,0.6.0,2026-08-02,2026-08-02,[],No reproducible primary item count was exposed for the cataloged source version.
dryad_tb_uveitis_ifn,Type 1 interferon-inducible gene expression in QuantiFERON Gold TB-positive uveitis: a tool to stratify a high versus low risk of active tuberculosis?,https://doi.org/10.5061/dryad.8jk03jd,0.6.0,2026-08-02,2026-08-02,[],No reproducible primary item count was exposed for the cataloged source version.
dryad_v6wwpzh1b,Data from: Micropulse transscleral cyclophotocoagulation results in secondary glaucoma,https://doi.org/10.5061/dryad.v6wwpzh1b,0.6.0,2026-08-02,2026-08-02,[],No reproducible primary item count was exposed for the cataloged source version.
dryad_v9p0b,Data from: Retinal capillary rarefaction in patients with untreated mild-moderate hypertension,https://doi.org/10.5061/dryad.v9p0b,0.6.0,2026-08-02,2026-08-02,[],No reproducible primary item count was exposed for the cataloged source version.
dryad_vkh_apoe,VKH APOE Transcriptomics and Proteomics Dataset,https://doi.org/10.5061/dryad.37pvmcvzx,0.6.0,2026-08-02,2026-08-02,[],No reproducible primary item count was exposed for the cataloged source version.
dual_scheimpflug_ss_oct_biometry,Dual Scheimpflug and Swept-Source OCT Biometry Dataset,https://doi.org/10.6084/m9.figshare.16828996.v1,0.6.0,2026-08-02,2026-08-02,[],No reproducible primary item count was exposed for the cataloged source version.
external_eye_blepharitis,External Eye Photographs for Screening Referable Blepharitis,https://data.mendeley.com/datasets/bp37vw4z8d/1,0.6.0,2026-08-02,2026-08-02,[],No reproducible primary item count was exposed for the cataloged source version.
glaucoma_oct_fundus,Glaucoma Detection Dataset with OCT and Fundus Images,https://doi.org/10.6084/m9.figshare.32051124.v1,0.6.0,2026-08-02,2026-08-02,[],No reproducible primary item count was exposed for the cataloged source version.
gleam,GLEAM Multimodal Glaucoma Staging Dataset,https://www.kaggle.com/datasets/zhangyiyinge/gleam-dataset,0.6.0,2026-08-02,2026-08-02,[],No reproducible primary item count was exposed for the cataloged source version.
hassan_composite_retina,Composite Retinal Fundus and OCT Dataset with Clinical Markings,https://data.mendeley.com/datasets/trghs22fpg/4,0.6.0,2026-08-02,2026-08-02,"[{""count"": 64, ""evidence_basis"": ""associated_publication"", ""evidence_url"": ""https://doi.org/10.1016/B978-0-12-817438-8.00005-5"", ""exactness"": ""exact"", ""notes"": ""The count was not confirmed as the exact content of the cataloged Mendeley v4 archive."", ""primary"": false, ""review_date"": ""2026-08-01"", ""scope"": ""Fundus component described by the associated publication"", ""unit"": ""images""}, {""count"": 2497, ""evidence_basis"": ""associated_publication"", ""evidence_url"": ""https://doi.org/10.1016/B978-0-12-817438-8.00005-5"", ""exactness"": ""exact"", ""notes"": ""The count was not confirmed as the exact content of the cataloged Mendeley v4 archive."", ""primary"": false, ""review_date"": ""2026-08-01"", ""scope"": ""OCT component described by the associated publication"", ""unit"": ""b_scans""}]",No reproducible primary item count was exposed for the cataloged source version.
hesc_retinal_organoid_early_differentiation,hESC-Derived Retinal Organoid Early Differentiation Imaging Dataset,https://doi.org/10.6084/m9.figshare.30102802.v1,0.6.0,2026-08-02,2026-08-02,[],No reproducible primary item count was exposed for the cataloged source version.
hesc_rpe_electrical_excitability,hESC-Derived RPE Electrical Excitability Dataset,https://doi.org/10.6084/m9.figshare.22246969.v2,0.6.0,2026-08-02,2026-08-02,[],No reproducible primary item count was exposed for the cataloged source version.
hybridgaze,HybridGaze Dataset,https://www.kaggle.com/datasets/michachwesiuk/hybridgaze,0.6.0,2026-08-02,2026-08-02,[],No reproducible primary item count was exposed for the cataloged source version.
mendeley_3_year_follow_up_optic_neuritis,a 3-year follow-up of optic neuritis phenotypes in Chinese cohort,https://data.mendeley.com/datasets/zvb55v8mzw,0.6.0,2026-08-02,2026-08-02,[],No reproducible primary item count was exposed for the cataloged source version.
mendeley_adjuvant_ketorolac_dexamethasone_hypoxic_human_retinal,Adjuvant Ketorolac and Dexamethasone + Hypoxic Human Retinal Pigment Epithelium (RPE) and Endothelial Cells (HREC),https://data.mendeley.com/datasets/xzf382pby9,0.6.0,2026-08-02,2026-08-02,[],No reproducible primary item count was exposed for the cataloged source version.
mendeley_analysis_macular_pigment_carotenoids_human_blood,Analysis of macular pigment carotenoids in human blood serum of glaucoma patients as a measure of ocular health: A Raman spectroscopic study,https://data.mendeley.com/datasets/8pwpbcrjd8,0.6.0,2026-08-02,2026-08-02,[],No reproducible primary item count was exposed for the cataloged source version.
mendeley_annotated_infant_fundus_images_object_detection,Annotated Infant Fundus Images for Object Detection of Key Structures (Optic Disk and Macula),https://data.mendeley.com/datasets/9kvk7nkhx6,0.6.0,2026-08-02,2026-08-02,[],No reproducible primary item count was exposed for the cataloged source version.
mendeley_anterior_segment_optical_coherence_tomography_angiography,Data for: Anterior Segment Optical Coherence Tomography Angiography Imaging of Conjunctiva and Intrasclera in Treated Primary Open-Angle Glaucoma,https://data.mendeley.com/datasets/tsh3xwbkkg,0.6.0,2026-08-02,2026-08-02,[],No reproducible primary item count was exposed for the cataloged source version.
mendeley_application_machine_learning_detecting_iron_deficiency,Application of Machine Learning in Detecting Iron Deficiency Anemia Using  Conjunctiva image Dataset from Ghana,https://data.mendeley.com/datasets/nt7r8hv2pz,0.6.0,2026-08-02,2026-08-02,[],No reproducible primary item count was exposed for the cataloged source version.
mendeley_cell_types_human_retina_its_organoids,Cell types of the human retina and its organoids at single-cell resolution. Cowan et al,https://data.mendeley.com/datasets/sm67hr5bpm,0.6.0,2026-08-02,2026-08-02,[],No reproducible primary item count was exposed for the cataloged source version.
mendeley_changes_retinal_photosensitivity_diabetic_retinopathy_therapy,Changes in retinal photosensitivity in diabetic retinopathy therapy,https://data.mendeley.com/datasets/tsf8b4yj3j,0.6.0,2026-08-02,2026-08-02,[],No reproducible primary item count was exposed for the cataloged source version.
mendeley_chemical_reprogramming_fibroblasts_into_functional_retinal,Chemical Reprogramming of Fibroblasts into Functional Retinal Pigment Epithelium Cells,https://data.mendeley.com/datasets/sg2rywwwxb,0.6.0,2026-08-02,2026-08-02,[],No reproducible primary item count was exposed for the cataloged source version.
mendeley_clinical_application_cyanoacrylate_tissue_adhesive_pediatric,Clinical Application of Cyanoacrylate Tissue Adhesive in Pediatric Ophthalmic Emergency: A Randomized Controlled Study,https://data.mendeley.com/datasets/ctnygyvwt5,0.6.0,2026-08-02,2026-08-02,[],No reproducible primary item count was exposed for the cataloged source version.
mendeley_clinical_assessment_scleral_canal_expansion_glaucoma,Data for: Clinical Assessment of Scleral Canal Expansion in Glaucoma Using Spectral Domain Optical Coherence Tomography,https://data.mendeley.com/datasets/7x3tgtskyj,0.6.0,2026-08-02,2026-08-02,[],No reproducible primary item count was exposed for the cataloged source version.
mendeley_code_manuscript_fixational_eye_movements_as,Data and code for manuscript: Fixational eye movements as active sensation for high visual acuity,https://data.mendeley.com/datasets/p7dyyrfds6,0.6.0,2026-08-02,2026-08-02,[],No reproducible primary item count was exposed for the cataloged source version.
mendeley_comparison_aqueous_humor_levels_plgf_vegf,Data for: Comparison of aqueous humor levels of PlGF and VEGF in proliferative diabetic retinopathy before and after intravitreal conbercept injection,https://data.mendeley.com/datasets/wtcc9fcjdy,0.6.0,2026-08-02,2026-08-02,[],No reproducible primary item count was exposed for the cataloged source version.
mendeley_comparison_cervical_ocular_vestibular_evoked_myogenic,Comparison of Cervical and Ocular Vestibular Evoked Myogenic Potentials Among Individuals with Hearing Impairment Aged 50–70 Years,https://data.mendeley.com/datasets/2jkhncb5kw,0.6.0,2026-08-02,2026-08-02,[],No reproducible primary item count was exposed for the cataloged source version.
mendeley_comparison_clinical_outcomes_visual_quality_visual,"Comparison of clinical outcomes, visual quality and visual function of two presbyopia-correcting intraocular lenses made from the same material, but with different design and optics",https://data.mendeley.com/datasets/y6n5k7s6f7,0.6.0,2026-08-02,2026-08-02,[],No reproducible primary item count was exposed for the cataloged source version.
mendeley_comparison_ocular_biometry_using_new_opticalcoherence,Comparison of ocular biometry using new OpticalCoherence Tomography-based Optical Biometer with Other Device. ,https://data.mendeley.com/datasets/kwv73shvxh,0.6.0,2026-08-02,2026-08-02,[],No reproducible primary item count was exposed for the cataloged source version.
mendeley_comparison_retinal_choroidal_vascular_changes_via,Comparison of retinal and choroidal vascular changes via optical coherence tomography angiography between Pseudoexfoliative glaucoma and Pseudoexfoliative syndrome and control group,https://data.mendeley.com/datasets/3m8fcfmp9j,0.6.0,2026-08-02,2026-08-02,[],No reproducible primary item count was exposed for the cataloged source version.
mendeley_comparison_two_novel_comfilcon_contact_lens,Comparison of Two Novel Comfilcon A Contact Lens Designs in the Management of Computer Vision Syndrome: A Pilot Study ,https://data.mendeley.com/datasets/fnbxs7gb82,0.6.0,2026-08-02,2026-08-02,[],No reproducible primary item count was exposed for the cataloged source version.
mendeley_conjunctival_melanoma_detection_using_deep_learning,Conjunctival melanoma detection using deep learning in smartphone images,https://data.mendeley.com/datasets/t75wjsw6bw,0.6.0,2026-08-02,2026-08-02,[],No reproducible primary item count was exposed for the cataloged source version.
mendeley_contrast_sensitivity_visual_acuity_multifocal_contact,Data for: Contrast sensitivity and visual acuity with multifocal contact lenses with high additions dedicated for myopia progression control ,https://data.mendeley.com/datasets/j5cw4wn23y,0.6.0,2026-08-02,2026-08-02,[],No reproducible primary item count was exposed for the cataloged source version.
mendeley_corneal_higher_order_aberrations_stevens_johnson,Data for: Corneal Higher-order Aberrations in Stevens-Johnson Syndrome and Toxic Epidermal Necrolysis,https://data.mendeley.com/datasets/2k96xky4rf,0.6.0,2026-08-02,2026-08-02,[],No reproducible primary item count was exposed for the cataloged source version.
mendeley_cost_effectiveness_limited_vitrectomy_vision_degrading,Data for: Cost Effectiveness of Limited Vitrectomy for Vision Degrading Myodesopsia,https://data.mendeley.com/datasets/487dpg7v38,0.6.0,2026-08-02,2026-08-02,[],No reproducible primary item count was exposed for the cataloged source version.
mendeley_cp_anemic_conjunctival_pallor_ghana,CP-AnemiC (A Conjunctival Pallor) Dataset from Ghana,https://data.mendeley.com/datasets/m53vz6b7fx,0.6.0,2026-08-02,2026-08-02,[],No reproducible primary item count was exposed for the cataloged source version.
mendeley_deep_learning_prediction_uncorrected_refractive_error,Deep Learning for the Prediction of Uncorrected Refractive Error using OCT,https://data.mendeley.com/datasets/89z7h5gnpw,0.6.0,2026-08-02,2026-08-02,[],No reproducible primary item count was exposed for the cataloged source version.
mendeley_development_deep_learning_based_system_optic,Dataset for - Development of a Deep Learning-based system for Optic Nerve characterization in Transorbital Ultrasound Images on a multicenter dataset,https://data.mendeley.com/datasets/kw8gvp8m8x,0.6.0,2026-08-02,2026-08-02,[],No reproducible primary item count was exposed for the cataloged source version.
mendeley_development_deep_learning_model_epiretinal_membrane,Development of a deep learning model for epiretinal membrane detection in fundus photography,https://data.mendeley.com/datasets/jrgntpv8b8,0.6.0,2026-08-02,2026-08-02,[],No reproducible primary item count was exposed for the cataloged source version.
mendeley_difference_retinal_nerve_fiber_layer_thickness,Data for: Difference of the Retinal Nerve Fiber Layer Thickness Assessed on the Disc Center and Bruch’s Membrane Opening Center in Myopic Eyes,https://data.mendeley.com/datasets/dtz8wmt5xt,0.6.0,2026-08-02,2026-08-02,[],No reproducible primary item count was exposed for the cataloged source version.
mendeley_digital_holograms_rbcs_glaucoma_patients_healthy,Digital holograms of RBCs from the glaucoma patients and healthy controls,https://data.mendeley.com/datasets/tryd7r3wct,0.6.0,2026-08-02,2026-08-02,[],No reproducible primary item count was exposed for the cataloged source version.
mendeley_dme_classification_fundus_imaging_vision_transformers,DME Classification in Fundus Imaging with Vision Transformers and ETDRS-Guided Annotation,https://data.mendeley.com/datasets/sdcfn87pvs,0.6.0,2026-08-02,2026-08-02,[],No reproducible primary item count was exposed for the cataloged source version.
mendeley_dry_eye_symptoms_children_can_we,Dry eye symptoms in children: can we reliably measure them?,https://data.mendeley.com/datasets/h79366vw73,0.6.0,2026-08-02,2026-08-02,[],No reproducible primary item count was exposed for the cataloged source version.
mendeley_early_detection_glaucomatous_visual_field_progression,Data for: Early Detection of Glaucomatous Visual Field Progression Using Pointwise Linear Regression with Binomial Test in the Central 10 Degrees,https://data.mendeley.com/datasets/w34s5mhvpm,0.6.0,2026-08-02,2026-08-02,[],No reproducible primary item count was exposed for the cataloged source version.
mendeley_effect_adlay_seed_extract_on_level,Effect of Adlay Seed Extract on the Level of Neuroprotection Gene Expression in Human Nasal Orbital Mesenchymal Stem Cells ,https://data.mendeley.com/datasets/x7rcj9yz65,0.6.0,2026-08-02,2026-08-02,[],No reproducible primary item count was exposed for the cataloged source version.
mendeley_effect_central_hole_location_phakic_intraocular,Data for: Effect of Central Hole Location of Phakic Intraocular Lens on Visual Function under Progressive Headlight Glare Sources.,https://data.mendeley.com/datasets/jjknx3wbkf,0.6.0,2026-08-02,2026-08-02,[],No reproducible primary item count was exposed for the cataloged source version.
mendeley_effect_one_hour_smartphone_gaming_on,"The effect of one hour smartphone gaming on blinking, ocular symptoms and tear film function in school-aged children ",https://data.mendeley.com/datasets/zn64p6r992,0.6.0,2026-08-02,2026-08-02,[],No reproducible primary item count was exposed for the cataloged source version.
mendeley_effect_prednisone_plus_either_adalimumab_or,Effect of prednisone plus either adalimumab or cyclosporine on dermatological symptoms in Vogt-Koyanagi-Harada disease: systemic outcomes from a randomized trial,https://data.mendeley.com/datasets/yzv3mrvwf4,0.6.0,2026-08-02,2026-08-02,[],No reproducible primary item count was exposed for the cataloged source version.
mendeley_efficacy_combined_orthokeratology_0_01_atropine,Dataset for: Efficacy of combined orthokeratology and 0.01% atropine solution for slowing axial elongation in children with myopia: a 2-year randomised trial,https://data.mendeley.com/datasets/y58rh8bfkv,0.6.0,2026-08-02,2026-08-02,[],No reproducible primary item count was exposed for the cataloged source version.
mendeley_et_pd_vis_eye_tracking_visualization,ET_PD_VIS: Eye Tracking Visualization Dataset on Trail Making Test for Parkinson’s Disease Analysis ,https://data.mendeley.com/datasets/83htprx9y6,0.6.0,2026-08-02,2026-08-02,[],No reproducible primary item count was exposed for the cataloged source version.
mendeley_evaluation_dry_eye_severity_ocular_surface,Evaluation of dry eye severity and ocular surface inflammation in patients with pemphigus and pemphigoid,https://data.mendeley.com/datasets/zzgw9t9jsy,0.6.0,2026-08-02,2026-08-02,[],No reproducible primary item count was exposed for the cataloged source version.
mendeley_evaluation_refractive_visual_outcomes_as_well,"Evaluation of refractive and visual outcomes, as well as astigmatism-correcting efficiency and rotational stability of a double-loop haptic toric intraocular lens - a one-year follow-up",https://data.mendeley.com/datasets/r2v99nw7vg,0.6.0,2026-08-02,2026-08-02,[],No reproducible primary item count was exposed for the cataloged source version.
mendeley_fferg_reference_healthy_controls_university_eye,ffERG Reference Data from Healthy Controls (University Eye Hospital Tuebingen),https://data.mendeley.com/datasets/37wxt2ybvj,0.6.0,2026-08-02,2026-08-02,[],No reproducible primary item count was exposed for the cataloged source version.
mendeley_foveal_cone_photoreceptor_outer_segment_length,Foveal cone photoreceptor outer segment length and cone density,https://data.mendeley.com/datasets/89rykrg8j2,0.6.0,2026-08-02,2026-08-02,[],No reproducible primary item count was exposed for the cataloged source version.
mendeley_fundus_autofluorescence_premature_infants,Fundus Autofluorescence in Premature Infants,https://data.mendeley.com/datasets/k5jsssjtmz,0.6.0,2026-08-02,2026-08-02,[],No reproducible primary item count was exposed for the cataloged source version.
mendeley_fundus_mctn,Fundus dataset of MCTN,https://data.mendeley.com/datasets/spz4b8tbzt,0.6.0,2026-08-02,2026-08-02,[],No reproducible primary item count was exposed for the cataloged source version.
mendeley_hpsc_derived_photoreceptor_axon_extension_growth,hPSC-derived Photoreceptor Axon Extension and Growth Cone Motility Data Sets and Code,https://data.mendeley.com/datasets/cpy5j23354,0.6.0,2026-08-02,2026-08-02,[],No reproducible primary item count was exposed for the cataloged source version.
mendeley_human_foveal_cone_topography_preferred_retinal,Human foveal cone topography and preferred retinal locus of fixation,https://data.mendeley.com/datasets/9gkpxsmz23,0.6.0,2026-08-02,2026-08-02,[],No reproducible primary item count was exposed for the cataloged source version.
mendeley_human_mesenchymal_stem_cells_derived_adipose,Human mesenchymal stem cells derived from adipose tissue showed greater effect than from umbilical cord in promoting corneal graft survival through suppressing lymphangiogenesis,https://data.mendeley.com/datasets/bm45p4tcbz,0.6.0,2026-08-02,2026-08-02,[],No reproducible primary item count was exposed for the cataloged source version.
mendeley_hvdropdb_datasets_classification_segmentation_research_retinopathy,"HVDROPDB Datasets for Classification and Segmentation for Research in Retinopathy of Prematurity, Ranjana Agrawal",https://data.mendeley.com/datasets/xw5xc7xrmp,0.6.0,2026-08-02,2026-08-02,[],No reproducible primary item count was exposed for the cataloged source version.
mendeley_identification_human_retinal_stem_like_cells,Identification of Human Retinal Stem-Like Cells for Retina Regeneration,https://data.mendeley.com/datasets/s9wbscpsrs,0.6.0,2026-08-02,2026-08-02,[],No reproducible primary item count was exposed for the cataloged source version.
mendeley_imaging_retinal_choroidal_vasculature_using_spatio,Imaging the retinal and choroidal vasculature using Spatio-Temporal Optical Coherence Tomography (STOC-T),https://data.mendeley.com/datasets/j39vyvp8ny,0.6.0,2026-08-02,2026-08-02,[],No reproducible primary item count was exposed for the cataloged source version.
mendeley_interocular_retinal_nerve_fiber_layer_thickness,Interocular retinal nerve fiber layer thickness differences,https://data.mendeley.com/datasets/ss2nynfc8s,0.6.0,2026-08-02,2026-08-02,[],No reproducible primary item count was exposed for the cataloged source version.
mendeley_keratoconus_ukraine_children,Keratoconus Ukraine children ОХМАТДИТ ,https://data.mendeley.com/datasets/ydmxn3264h,0.6.0,2026-08-02,2026-08-02,[],No reproducible primary item count was exposed for the cataloged source version.
mendeley_long_term_results_using_gelatin_microfistulae,Long-term results using gelatin microfistulae (XEN) implantation in glaucoma surgery.,https://data.mendeley.com/datasets/7xjcbsmzzc,0.6.0,2026-08-02,2026-08-02,[],No reproducible primary item count was exposed for the cataloged source version.
mendeley_long_term_safety_efficacy_limited_vitrectomy,Data for: Long-Term Safety and Efficacy of Limited Vitrectomy for Vision Degrading Vitreopathy from Vitreous Floaters,https://data.mendeley.com/datasets/dnss5ttn73,0.6.0,2026-08-02,2026-08-02,[],No reproducible primary item count was exposed for the cataloged source version.
mendeley_micro_go_study_transcriptional_profiling_orbital,MICRO-GO study: transcriptional profiling of orbital tissues in Graves’ orbitopathy & microbiome composition,https://data.mendeley.com/datasets/mrvmsrn9r6,0.6.0,2026-08-02,2026-08-02,[],No reproducible primary item count was exposed for the cataloged source version.
mendeley_microvascular_changes_poag_after_npds,Microvascular changes in POAG after NPDS,https://data.mendeley.com/datasets/vc99wcmvk2,0.6.0,2026-08-02,2026-08-02,[],No reproducible primary item count was exposed for the cataloged source version.
mendeley_myopia_metal_mixture_exposure,Dataset: Myopia and Metal Mixture Exposure,https://data.mendeley.com/datasets/jgh7dxdwyy,0.6.0,2026-08-02,2026-08-02,[],No reproducible primary item count was exposed for the cataloged source version.
mendeley_neurophysiologic_ophthalmic_markers_chemotherapy_related_cognitive,Data for: Neurophysiologic and ophthalmic markers of chemotherapy-related cognitive impairment in patients diagnosed with hematologic cancer,https://data.mendeley.com/datasets/npt7rp69gm,0.6.0,2026-08-02,2026-08-02,[],No reproducible primary item count was exposed for the cataloged source version.
mendeley_nuclear_cataract_database_biomedical_machine_learning,Nuclear Cataract Database for Biomedical and Machine Learning Applications,https://data.mendeley.com/datasets/6wv33nbcvv,0.6.0,2026-08-02,2026-08-02,[],No reproducible primary item count was exposed for the cataloged source version.
mendeley_ocular_biometry, OCULAR BIOMETRY DATA,https://data.mendeley.com/datasets/4twnn4546j,0.6.0,2026-08-02,2026-08-02,[],No reproducible primary item count was exposed for the cataloged source version.
mendeley_ocular_sebaceous_neoplasms,Ocular sebaceous neoplasms,https://data.mendeley.com/datasets/xg9jcjn388,0.6.0,2026-08-02,2026-08-02,[],No reproducible primary item count was exposed for the cataloged source version.
mendeley_ocular_surface_disorders_affect_quality_life,Ocular Surface Disorders Affect Quality of Life in Patients with Autoimmune Blistering Skin Diseases: A Cross-Sectional Study,https://data.mendeley.com/datasets/73r8vrxksx,0.6.0,2026-08-02,2026-08-02,[],No reproducible primary item count was exposed for the cataloged source version.
mendeley_on_comparison_ocular_surface_disease_index,"Dataset on comparison of the ocular surface disease index questionnaire, the tear film break-up time and Schirmer tests for the evaluation of tear film in computer users and contact lenses without dry eye symptoms",https://data.mendeley.com/datasets/m7fzwvsm77,0.6.0,2026-08-02,2026-08-02,[],No reproducible primary item count was exposed for the cataloged source version.
mendeley_ophthalmic_anthropometry_malawians,Ophthalmic Anthropometry of Malawians,https://data.mendeley.com/datasets/bctfh4m93c,0.6.0,2026-08-02,2026-08-02,[],No reproducible primary item count was exposed for the cataloged source version.
mendeley_ophthalmic_stroke_biomarkers_south_asia,Ophthalmic Stroke Biomarkers in south Asia,https://data.mendeley.com/datasets/whpsmdc2gk,0.6.0,2026-08-02,2026-08-02,[],No reproducible primary item count was exposed for the cataloged source version.
mendeley_optical_coherence_tomography_oct_images_proliferative,"Optical Coherence Tomography (OCT) Images of Proliferative Vitreoretinopathy, Uveitis, and Normal Eyes",https://data.mendeley.com/datasets/hbr5pwk5w5,0.6.0,2026-08-02,2026-08-02,[],No reproducible primary item count was exposed for the cataloged source version.
mendeley_orbscan_iiz_anterior_maps,"Multimodal Orbscan IIz Dataset: 3,000 Axial Power Anterior Maps with OCR-Extracted Clinical Parameters from 3,000 Unique Patients",https://data.mendeley.com/datasets/78wt2nc387,0.6.0,2026-08-02,2026-08-02,[],No reproducible primary item count was exposed for the cataloged source version.
mendeley_performance_corneal_vs_scleral_rigid_gas,Data for: Performance of corneal vs. scleral rigid gas permeable contact lenses for ectatic corneal disorders,https://data.mendeley.com/datasets/gmrbh4fvt2,0.6.0,2026-08-02,2026-08-02,[],No reproducible primary item count was exposed for the cataloged source version.
mendeley_peripapillary_retinal_nerve_fiber_layer_thinning,Data for: Peripapillary Retinal Nerve Fiber Layer Thinning in Genetic Generalized Epilepsy,https://data.mendeley.com/datasets/wyys4gvk4n,0.6.0,2026-08-02,2026-08-02,[],No reproducible primary item count was exposed for the cataloged source version.
mendeley_plasma_energy_metabolomics_patients_ocular_disease,plasma energy metabolomics in patients with ocular disease,https://data.mendeley.com/datasets/tybzw7zsng,0.6.0,2026-08-02,2026-08-02,[],No reproducible primary item count was exposed for the cataloged source version.
mendeley_post_intravitreal_injection_ciprofloxacin_conjunctival_flora,Data for: Post-Intravitreal Injection Ciprofloxacin and Conjunctival Flora Resistance,https://data.mendeley.com/datasets/53nxz6xr5j,0.6.0,2026-08-02,2026-08-02,[],No reproducible primary item count was exposed for the cataloged source version.
mendeley_postural_stargardt_s_syndrome_patients,Data for: Postural data from Stargardt's syndrome patients,https://data.mendeley.com/datasets/5rz9j8t6p4,0.6.0,2026-08-02,2026-08-02,[],No reproducible primary item count was exposed for the cataloged source version.
mendeley_quantified_processed_microarray_22_individuals_without,Quantified processed microarray data for 22 individuals with and without proliferative retinopathy,https://data.mendeley.com/datasets/72b47vpgtz,0.6.0,2026-08-02,2026-08-02,[],No reproducible primary item count was exposed for the cataloged source version.
mendeley_radial_peripapillary_capillary_density_as_predictive,Radial peripapillary capillary density as a predictive factor for glaucoma in eyes with ocular hypertension,https://data.mendeley.com/datasets/h9tntd4gkf,0.6.0,2026-08-02,2026-08-02,[],No reproducible primary item count was exposed for the cataloged source version.
mendeley_raw_manuscript_light_responsive_microrna_molecules,RAW DATA to manuscript: Light-Responsive MicroRNA Molecules in Human Retinal Organoids are Differentially Regulated by Distinct Wavelengths of Light,https://data.mendeley.com/datasets/8ksg9fssd9,0.6.0,2026-08-02,2026-08-02,[],No reproducible primary item count was exposed for the cataloged source version.
mendeley_red_lesion_localization_messidor_retinal_images,Red lesion localization for MESSIDOR retinal images dataset using patch-based convolutional neural networks.,https://data.mendeley.com/datasets/3r5m3nfdkv,0.6.0,2026-08-02,2026-08-02,[],No reproducible primary item count was exposed for the cataloged source version.
mendeley_refractive_error_visual_impairment_among_school,"Refractive error and Visual Impairment data among school children in Blantyre, Southern Malawi",https://data.mendeley.com/datasets/crgbf93fnw,0.6.0,2026-08-02,2026-08-02,[],No reproducible primary item count was exposed for the cataloged source version.
mendeley_retinal_blood_vessel_segmentation_rop,Retinal blood vessel segmentation(ROP),https://data.mendeley.com/datasets/prcy36j53v,0.6.0,2026-08-02,2026-08-02,[],No reproducible primary item count was exposed for the cataloged source version.
mendeley_rop_retinopathy_prematurity_infants_serum_metabolomic,ROP (retinopathy of prematurity) infants' serum metabolomic data,https://data.mendeley.com/datasets/7r7xt6pf6x,0.6.0,2026-08-02,2026-08-02,[],No reproducible primary item count was exposed for the cataloged source version.
mendeley_sars_cov_2_infection_ocular_cells,"SARS-CoV-2 infection of ocular cells from human adult donor eyes and hESC-derived ocular lineages, Eriksen et al",https://data.mendeley.com/datasets/jgw2mcgb67,0.6.0,2026-08-02,2026-08-02,[],No reproducible primary item count was exposed for the cataloged source version.
mendeley_selective_laser_trabeculoplasty_patients_angle_recession,Data for: Selective Laser Trabeculoplasty in patients with angle recession glaucoma: a case series.,https://data.mendeley.com/datasets/rvw8k4k8g7,0.6.0,2026-08-02,2026-08-02,[],No reproducible primary item count was exposed for the cataloged source version.
mendeley_serum_proteomic_profiles_keratoconus_post_laser,"Serum proteomic profiles in keratoconus, post-laser vision correction ectasia, and pellucid marginal degeneration",https://data.mendeley.com/datasets/yzsktrxh6y,0.6.0,2026-08-02,2026-08-02,[],No reproducible primary item count was exposed for the cataloged source version.
mendeley_set_relationship_between_plasma_amino_acid,data set of Relationship between plasma amino acid and carnitine levels and primary angle closure glaucoma based on mass spectrometry metabolomics,https://data.mendeley.com/datasets/fn9986thfh,0.6.0,2026-08-02,2026-08-02,[],No reproducible primary item count was exposed for the cataloged source version.
mendeley_spatio_temporal_optical_coherence_tomography_provides,Spatio-Temporal Optical Coherence Tomography provides full thickness imaging of the chorioretinal complex,https://data.mendeley.com/datasets/9pzm3mbp7w,0.6.0,2026-08-02,2026-08-02,[],No reproducible primary item count was exposed for the cataloged source version.
mendeley_superficial_conjunctival_cells_dupilumab_treated_atopic,Superficial Conjunctival Cells from Dupilumab-treated Atopic Dermatitis Patients with Ocular Adverse Events Display a Transcriptomic Psoriasis Signature,https://data.mendeley.com/datasets/222mnygnjz,0.6.0,2026-08-02,2026-08-02,[],No reproducible primary item count was exposed for the cataloged source version.
mendeley_test_results_article_motion_perception_glaucoma,"Test results - Article ""Motion perception and glaucoma""",https://data.mendeley.com/datasets/zhz8kjsykf,0.6.0,2026-08-02,2026-08-02,[],No reproducible primary item count was exposed for the cataloged source version.
mendeley_towards_ocular_biomarkers_sarcopenia_result_korean,Towards ocular biomarkers for sarcopenia: a result from a Korean nationwide cross-sectional study,https://data.mendeley.com/datasets/h547645876,0.6.0,2026-08-02,2026-08-02,[],No reproducible primary item count was exposed for the cataloged source version.
mendeley_utilizing_responsive_web_portal_studying_disc,Data for: Utilizing A Responsive Web Portal For Studying Disc Tracing Agreement in Retinal Images,https://data.mendeley.com/datasets/7xv5rzxgrh,0.6.0,2026-08-02,2026-08-02,[],No reproducible primary item count was exposed for the cataloged source version.
mendeley_vivo_analysis_comparison_anterior_segment_structures,In Vivo Analysis and Comparison of Anterior Segment Structures of Both Eyes in Unilateral Herpetic Anterior Uveitis,https://data.mendeley.com/datasets/hmz2cz3jcg,0.6.0,2026-08-02,2026-08-02,[],No reproducible primary item count was exposed for the cataloged source version.
mendeley_vivo_cone_photoreceptor_topography_human_foveola,In-vivo cone photoreceptor topography of the human foveola,https://data.mendeley.com/datasets/m5nkpb8phv,0.6.0,2026-08-02,2026-08-02,[],No reproducible primary item count was exposed for the cataloged source version.
mpxv_ocular_manifestations_south_kivu,MPXV Ocular Manifestations South Kivu Dataset,https://doi.org/10.1371/journal.pgph.0005971.s001,0.6.0,2026-08-02,2026-08-02,[],No reproducible primary item count was exposed for the cataloged source version.
natural_scene_eye_tracking_collection,Natural-Scene Tobii Eye-Tracking Collection,https://doi.org/10.6084/m9.figshare.30520733.v1,0.6.0,2026-08-02,2026-08-02,[],No reproducible primary item count was exposed for the cataloged source version.
ocular_generalized_myasthenia_korea,Ocular and Generalized Myasthenia Gravis Korea Dataset,https://doi.org/10.6084/m9.figshare.31981347.v1,0.6.0,2026-08-02,2026-08-02,[],No reproducible primary item count was exposed for the cataloged source version.
parkinsons_directional_oct,Parkinson Disease Directional OCT Dataset,https://doi.org/10.26188/30750011.v1,0.6.0,2026-08-02,2026-08-02,[],No reproducible primary item count was exposed for the cataloged source version.
parkinsons_outer_retinal_structure,Parkinson Disease Outer Retinal Structure and Function Dataset,https://doi.org/10.26188/24138420.v2,0.6.0,2026-08-02,2026-08-02,[],No reproducible primary item count was exposed for the cataloged source version.
pimd_visual_preference_eye_tracking,PIMD Visual Preference Eye-Tracking Dataset,https://doi.org/10.1371/journal.pone.0266176.s010,0.6.0,2026-08-02,2026-08-02,[],No reproducible primary item count was exposed for the cataloged source version.
pupillometry_eeg_fmri_salience,"Pupillometry, EEG, and fMRI Salience Dataset",https://doi.org/10.6084/m9.figshare.22518010.v1,0.6.0,2026-08-02,2026-08-02,[],No reproducible primary item count was exposed for the cataloged source version.
rao_fundus,RAO Retinal Artery Occlusion Fundus Photography Dataset,https://data.mendeley.com/datasets/5428684j44/2,0.6.0,2026-08-02,2026-08-02,[],No reproducible primary item count was exposed for the cataloged source version.
retinal_oct_octa_two_subjects_processed,Processed Retinal OCT and OCTA Two-Subject Dataset,https://www.kaggle.com/datasets/cnzakimuena/retinal-oct-and-octa-data-3,0.6.0,2026-08-02,2026-08-02,[],No reproducible primary item count was exposed for the cataloged source version.
retinal_optic_flow_locomotion,Retinal Optic Flow and Locomotion Dataset,https://doi.org/10.25452/figshare.plus.17113883.v1,0.6.0,2026-08-02,2026-08-02,[],No reproducible primary item count was exposed for the cataloged source version.
retinal_photoplethysmography_rnfl,Retinal Photoplethysmography and RNFL Dataset,https://doi.org/10.6084/m9.figshare.21197173.v1,0.6.0,2026-08-02,2026-08-02,[],No reproducible primary item count was exposed for the cataloged source version.
spectrosense_pupil_light_exposure,SpectroSense Pupil Light Exposure Dataset,https://doi.org/10.6084/m9.figshare.28176839.v1,0.6.0,2026-08-02,2026-08-02,[],No reproducible primary item count was exposed for the cataloged source version.
sustech_sysu_corneal_ulcers,SUSTech-SYSU Corneal Ulcer Dataset,https://doi.org/10.6084/m9.figshare.10247501.v1,0.6.0,2026-08-02,2026-08-02,[],No reproducible primary item count was exposed for the cataloged source version.
synthetic_retinal_oct_biomarkers,Synthetic Retinal OCT Biomarker Dataset,https://huggingface.co/datasets/serag-ai/Synthetic-Ophthalmology-Images,0.6.0,2026-08-02,2026-08-02,[],No reproducible primary item count was exposed for the cataloged source version.
thyroid_ophthalmopathy_external,Thyroid Ophthalmopathy External Ocular Images,https://data.mendeley.com/datasets/z7ys7r4bdn/2,0.6.0,2026-08-02,2026-08-02,"[{""count"": 2, ""evidence_basis"": ""current_deposit_file_listing"", ""evidence_url"": ""https://data.mendeley.com/datasets/z7ys7r4bdn/2"", ""exactness"": ""exact"", ""notes"": ""The source does not report the number of photographs inside dataset.zip."", ""primary"": false, ""review_date"": ""2026-08-01"", ""scope"": ""Artifacts listed by the current Mendeley v2 deposit"", ""unit"": ""deposited_files""}]",No reproducible primary item count was exposed for the cataloged source version.
tunisian_retinal_oct_multidisease,Tunisian Retinal OCT Multi-Disease Dataset,https://doi.org/10.6084/m9.figshare.31385596.v3,0.6.0,2026-08-02,2026-08-02,[],No reproducible primary item count was exposed for the cataloged source version.
visual_field_test_perception,Visual Field Test Perception Dataset,https://doi.org/10.6084/m9.figshare.12443594.v2,0.6.0,2026-08-02,2026-08-02,[],No reproducible primary item count was exposed for the cataloged source version.
