source_record_id,relationship_type,target_record_id,evidence_url,evidence_source_type,evidence_summary,confidence,review_date,notes,source_canonical_name,target_canonical_name,catalog_version
amdnet23,derived_from,hrf,https://doi.org/10.17632/yj35kjgrv3.1,official_repository_metadata,"AMDNet23 compiles preprocessed images from ODIR, RFMiD, HRF, ARIA, DR_200, and Fundus Dataset.",confirmed,2026-08-01,"ARIA, DR_200, and Fundus Dataset are not separate EyeDataHub records.",AMDNet23 Fundus Image Dataset for AMD Detection,HRF: High-Resolution Fundus Image Database,0.3.0
amdnet23,derived_from,odir2019,https://doi.org/10.17632/yj35kjgrv3.1,official_repository_metadata,"AMDNet23 compiles preprocessed images from ODIR, RFMiD, HRF, ARIA, DR_200, and Fundus Dataset.",confirmed,2026-08-01,"ARIA, DR_200, and Fundus Dataset are not separate EyeDataHub records.",AMDNet23 Fundus Image Dataset for AMD Detection,ODIR-2019: Ocular Disease Intelligent Recognition,0.3.0
amdnet23,derived_from,rfmid,https://doi.org/10.17632/yj35kjgrv3.1,official_repository_metadata,"AMDNet23 compiles preprocessed images from ODIR, RFMiD, HRF, ARIA, DR_200, and Fundus Dataset.",confirmed,2026-08-01,"ARIA, DR_200, and Fundus Dataset are not separate EyeDataHub records.",AMDNet23 Fundus Image Dataset for AMD Detection,RFMiD: Retinal Fundus Multi-disease Image Dataset,0.3.0
aod,derived_from,odir2019,https://doi.org/10.17632/d73g6m8d5m.1,official_repository_metadata,The AOD deposit describes an augmented and preprocessed ODIR-5K resource.,confirmed,2026-08-01,,AOD: Augmented Ocular Diseases Dataset,ODIR-2019: Ocular Disease Intelligent Recognition,0.3.0
aptos_arcade_onh_masks,derived_from,aptos2019,https://zenodo.org/records/20711325,official_repository_metadata,The deposit supplies vascular-arcade and optic-nerve-head masks for APTOS 2019 images.,confirmed,2026-08-01,,APTOS Vascular Arcade and Optic Nerve Head Masks,APTOS 2019 Blindness Detection,0.3.0
bidr,mirror_of,dr_arranged,https://www.kaggle.com/datasets/pkdarabi/diagnosis-of-diabetic-retinopathy,official_platform_metadata,BiDR and the Tianchi arranged record contain the same documented EyePACS training split.,confirmed,2026-08-01,,BiDR: Diabetic Retinopathy Diagnosis Dataset,Diabetic Retinopathy Arranged Dataset (Tianchi 93926),0.3.0
bidr,subset_of,eyepacs,https://www.kaggle.com/datasets/pkdarabi/diagnosis-of-diabetic-retinopathy,official_platform_metadata,"BiDR republishes the 35,126-image EyePACS competition training split, not the full EyePACS record.",confirmed,2026-08-01,,BiDR: Diabetic Retinopathy Diagnosis Dataset,EyePACS — Diabetic Retinopathy Detection (Kaggle 2015),0.3.0
brset_mbrset_embeddings,derived_from,brset,https://physionet.org/content/embedding-brset-mbrset/1.0.0/,official_repository_page,The PhysioNet record supplies precomputed representations for BRSET images.,confirmed,2026-08-01,,Embedding-Based Representations for BRSET and mBRSET,BRSET: Brazilian Multilabel Ophthalmological Dataset,0.3.0
brset_mbrset_embeddings,derived_from,mbrset,https://physionet.org/content/embedding-brset-mbrset/1.0.0/,official_repository_page,The PhysioNet record supplies precomputed representations for mBRSET images.,confirmed,2026-08-01,,Embedding-Based Representations for BRSET and mBRSET,mBRSET: Mobile Brazilian Retinal Dataset,0.3.0
cadis,derived_from,cataracts2017,https://cataracts-semantic-segmentation2020.grand-challenge.org/,official_challenge_page,CaDIS adds semantic segmentation labels to frames selected from CATARACTS videos.,confirmed,2026-08-01,,CaDIS: Cataract Dataset for Image Segmentation,CATARACTS 2017: Surgical Tool Detection Challenge,0.3.0
cataract101_extended_labels,derived_from,cataract_101,https://zenodo.org/records/4984167,official_repository_metadata,The deposit provides extended labels for the Cataract-101 videos.,confirmed,2026-08-01,,Cataract-101 Extended Labels,Cataract-101: 101 Cataract Surgery Videos with Phase Annotations,0.3.0
corn1500,component_of,corn_collection,https://zenodo.org/records/19689814,official_repository_metadata,CORN-1500 is a named component of the combined CORN collection.,confirmed,2026-08-01,,CORN-1500: Corneal Nerve Tortuosity Grading,CORN: Corneal Confocal Microscope Dataset Collection,0.3.0
corn_collection,has_component,corn1500,https://zenodo.org/records/19689814,official_repository_metadata,The CORN collection lists CORN-1500 as one of its six component deposits.,confirmed,2026-08-01,,CORN: Corneal Confocal Microscope Dataset Collection,CORN-1500: Corneal Nerve Tortuosity Grading,0.3.0
corn_collection,has_component,corn_pro,https://zenodo.org/records/19689814,official_repository_metadata,The CORN collection lists CORN-Pro as one of its six component deposits.,confirmed,2026-08-01,,CORN: Corneal Confocal Microscope Dataset Collection,CORN Pro: Corneal Nerve Confocal Microscopy Dataset,0.3.0
corn_pro,component_of,corn_collection,https://zenodo.org/records/19689814,official_repository_metadata,CORN-Pro is a named component of the combined CORN collection.,confirmed,2026-08-01,,CORN Pro: Corneal Nerve Confocal Microscopy Dataset,CORN: Corneal Confocal Microscope Dataset Collection,0.3.0
dme_vqa,derived_from,e_ophtha,https://zenodo.org/records/6784358,official_repository_metadata,The DME VQA deposit identifies e-ophtha images as source material.,confirmed,2026-08-01,,Diabetic Macular Edema Visual Question Answering Dataset,E-ophtha (EX + MA): Exudate and Microaneurysm Segmentation,0.3.0
dme_vqa,derived_from,idrid,https://zenodo.org/records/6784358,official_repository_metadata,The DME VQA deposit identifies IDRiD images as source material.,confirmed,2026-08-01,,Diabetic Macular Edema Visual Question Answering Dataset,IDRiD: Indian Diabetic Retinopathy Image Dataset,0.3.0
dme_vqa_logical,extension_of,dme_vqa,https://zenodo.org/records/7777849,official_repository_metadata,This release adds logical-relation annotations to the earlier DME VQA resource.,confirmed,2026-08-01,,DME VQA Dataset with Logical Relations,Diabetic Macular Edema Visual Question Answering Dataset,0.3.0
dr_arranged,mirror_of,bidr,https://tianchi.aliyun.com/dataset/93926,official_platform_page,The Tianchi arranged record and BiDR contain the same documented EyePACS training split.,confirmed,2026-08-01,,Diabetic Retinopathy Arranged Dataset (Tianchi 93926),BiDR: Diabetic Retinopathy Diagnosis Dataset,0.3.0
dr_arranged,subset_of,eyepacs,https://tianchi.aliyun.com/dataset/93926,official_platform_page,"The Tianchi record republishes the 35,126-image EyePACS competition training split.",confirmed,2026-08-01,,Diabetic Retinopathy Arranged Dataset (Tianchi 93926),EyePACS — Diabetic Retinopathy Detection (Kaggle 2015),0.3.0
dryad_namd_oct_quant,same_or_overlapping_cohort_as,dryad_namd_visual_prediction,https://doi.org/10.5061/dryad.2rbnzs7m4,official_repository_metadata,Both records draw from the Moorfields AMD database; public descriptions do not establish exact containment.,confirmed,2026-08-01,,Moorfields nAMD Quantitative OCT Biomarker Dataset,Moorfields nAMD Visual-Change Prediction Dataset,0.3.0
dryad_namd_visual_prediction,same_or_overlapping_cohort_as,dryad_namd_oct_quant,https://doi.org/10.5061/dryad.573n5tb5d,official_repository_metadata,Both records draw from the Moorfields AMD database; public descriptions do not establish exact containment.,confirmed,2026-08-01,,Moorfields nAMD Visual-Change Prediction Dataset,Moorfields nAMD Quantitative OCT Biomarker Dataset,0.3.0
eyeq,derived_from,eyepacs,https://github.com/HzFu/EyeQ,official_repository_readme,"EyeQ provides quality labels for 28,792 images from the EyePACS train and test partitions.",confirmed,2026-08-01,,EyeQ Retinal Image Quality Assessment Dataset,EyePACS — Diabetic Retinopathy Detection (Kaggle 2015),0.3.0
fundus_domain_generalization,derived_from,drishti_gs,https://zenodo.org/records/8009107,official_repository_metadata,"The official description states that the benchmark is based on REFUGE, Drishti-GS, ORIGA, and RIGA.",confirmed,2026-08-01,ORIGA is not a separate EyeDataHub record.,Fundus Dataset for Domain Generalization in Optic Disc/Cup Segmentation,DRISHTI-GS: Optic Disc and Cup Segmentation,0.3.0
fundus_domain_generalization,derived_from,refuge2018,https://zenodo.org/records/8009107,official_repository_metadata,"The official description states that the benchmark is based on REFUGE, Drishti-GS, ORIGA, and RIGA.",confirmed,2026-08-01,ORIGA is not a separate EyeDataHub record.,Fundus Dataset for Domain Generalization in Optic Disc/Cup Segmentation,REFUGE 2018: Retinal Fundus Glaucoma Challenge,0.3.0
fundus_domain_generalization,derived_from,riga,https://zenodo.org/records/8009107,official_repository_metadata,"The official description states that the benchmark is based on REFUGE, Drishti-GS, ORIGA, and RIGA.",confirmed,2026-08-01,ORIGA is not a separate EyeDataHub record.,Fundus Dataset for Domain Generalization in Optic Disc/Cup Segmentation,RIGA: Retinal Fundus Images for Glaucoma Analysis,0.3.0
fundus_report_dataset,derived_from,deepdrid,https://huggingface.co/datasets/zzzzineun/fundus-report-dataset,official_dataset_card,The dataset card reports 203 source images from DeepDRiD and 219 from OUWFD.,confirmed,2026-08-01,OUWFD is not a separate EyeDataHub record.,Fundus Report Dataset,DeepDRiD: Diabetic Retinopathy Grading and Image Quality Dataset,0.3.0
gamma,component_of,ichallenge_oct,http://hdmilab.cn/ichallenge,official_project_page,GAMMA is one of the named resources exposed through the cataloged iChallenge OCT portal record.,confirmed,2026-08-01,,GAMMA — Glaucoma Grading from Multi-Modality Images,iChallenge OCT Datasets (HDMILab / OMIA Workshops),0.3.0
hrf_seg_plus,derived_from,hrf,https://zenodo.org/records/16744782,official_repository_metadata,HRF-Seg+ adds multi-structure annotations to the 45 HRF images.,confirmed,2026-08-01,,HRF-Seg+: Multi-Structure Fundus Annotations,HRF: High-Resolution Fundus Image Database,0.3.0
ichallenge_oct,has_component,gamma,http://hdmilab.cn/ichallenge,official_project_page,The cataloged iChallenge OCT portal record explicitly includes the GAMMA multimodal challenge resource.,confirmed,2026-08-01,,iChallenge OCT Datasets (HDMILab / OMIA Workshops),GAMMA — Glaucoma Grading from Multi-Modality Images,0.3.0
insegcat,derived_from,cadis,https://ftp.itec.aau.at/datasets/ovid/InSegCat/,official_project_page,InSegCat Dataset 2 converts CaDIS semantic masks to instance masks and boxes.,confirmed,2026-08-01,,InSegCat: Instance Segmentation for Cataract Surgery,CaDIS: Cataract Dataset for Image Segmentation,0.3.0
insegcat,derived_from,cataract_101,https://ftp.itec.aau.at/datasets/ovid/InSegCat/,official_project_page,InSegCat Dataset 1 selects and annotates frames from Cataract-101 videos.,confirmed,2026-08-01,,InSegCat: Instance Segmentation for Cataract Surgery,Cataract-101: 101 Cataract Surgery Videos with Phase Annotations,0.3.0
intraretinal_cystoid_fluid,derived_from,kermany_oct,https://www.kaggle.com/datasets/zeeshanahmed13/intraretinal-cystoid-fluid,official_platform_metadata,"The source states that 1,000 training images were selected from the Kermany Retinal OCT Images DME class; 200 test images were collected separately.",confirmed,2026-08-01,,Intraretinal Cystoid Fluid OCT Segmentation Dataset,Kermany OCT 2018: Retinal OCT Image Classification,0.3.0
lmod_cataract_1k,derived_from,cataract1k,https://huggingface.co/datasets/mehti/LMOD-Cataract-1K,official_dataset_card,The dataset card identifies Cataract-1K as the source of the processed surgical frames.,confirmed,2026-08-01,,LMOD-Cataract-1K,Cataract-1K: Large-Scale Cataract Surgery Video Dataset,0.3.0
lmod_cataract_1k_cot,derived_from,lmod_cataract_1k,https://huggingface.co/datasets/mehti/LMOD-Cataract-1K-surgical-analysis-cot,official_dataset_card,The dataset card identifies LMOD-Cataract-1K as its image source.,confirmed,2026-08-01,,Cataract-1K Surgical Analysis Chain-of-Thought Dataset,LMOD-Cataract-1K,0.3.0
lmod_plus,derived_from,cataract1k,https://kfzyqin.github.io/lmod_plus/,official_project_page,"The LMOD+ project page lists nine component datasets, including the five cataloged targets represented by these edges.",confirmed,2026-08-01,"Harvard FairSeg, CAU001, CatDet2, and ORIGA are not separate EyeDataHub records.",LMOD+ Multimodal Ophthalmology Benchmark,Cataract-1K: Large-Scale Cataract Surgery Video Dataset,0.3.0
lmod_plus,derived_from,g1020,https://kfzyqin.github.io/lmod_plus/,official_project_page,"The LMOD+ project page lists nine component datasets, including the five cataloged targets represented by these edges.",confirmed,2026-08-01,"Harvard FairSeg, CAU001, CatDet2, and ORIGA are not separate EyeDataHub records.",LMOD+ Multimodal Ophthalmology Benchmark,G1020: Glaucoma Benchmark Fundus Dataset,0.3.0
lmod_plus,derived_from,idrid,https://kfzyqin.github.io/lmod_plus/,official_project_page,"The LMOD+ project page lists nine component datasets, including the five cataloged targets represented by these edges.",confirmed,2026-08-01,"Harvard FairSeg, CAU001, CatDet2, and ORIGA are not separate EyeDataHub records.",LMOD+ Multimodal Ophthalmology Benchmark,IDRiD: Indian Diabetic Retinopathy Image Dataset,0.3.0
lmod_plus,derived_from,oimhs,https://kfzyqin.github.io/lmod_plus/,official_project_page,"The LMOD+ project page lists nine component datasets, including the five cataloged targets represented by these edges.",confirmed,2026-08-01,"Harvard FairSeg, CAU001, CatDet2, and ORIGA are not separate EyeDataHub records.",LMOD+ Multimodal Ophthalmology Benchmark,OIMHS: OCT Image Macular Hole Segmentation Dataset,0.3.0
lmod_plus,derived_from,refuge2018,https://kfzyqin.github.io/lmod_plus/,official_project_page,"The LMOD+ project page lists nine component datasets, including the five cataloged targets represented by these edges.",confirmed,2026-08-01,"Harvard FairSeg, CAU001, CatDet2, and ORIGA are not separate EyeDataHub records.",LMOD+ Multimodal Ophthalmology Benchmark,REFUGE 2018: Retinal Fundus Glaucoma Challenge,0.3.0
mm_retinal_reason,derived_from,acrima,https://huggingface.co/datasets/lxirich/MM-Retinal-Reason/tree/d6243baa82c0914dba3c6f43ca79fdbf856982ef,versioned_official_dataset_card,The version-pinned official dataset card lists this record among the CFP or OCT sources used to construct MM-Retinal-Reason.,confirmed,2026-08-01,Generic or non-cataloged names in the card were not forced to catalog targets.,MM-Retinal-Reason: Ophthalmology Multimodal Reasoning Dataset,ACRIMA: Glaucoma Optic Disc Fundus Database,0.3.0
mm_retinal_reason,derived_from,aptos2019,https://huggingface.co/datasets/lxirich/MM-Retinal-Reason/tree/d6243baa82c0914dba3c6f43ca79fdbf856982ef,versioned_official_dataset_card,The version-pinned official dataset card lists this record among the CFP or OCT sources used to construct MM-Retinal-Reason.,confirmed,2026-08-01,Generic or non-cataloged names in the card were not forced to catalog targets.,MM-Retinal-Reason: Ophthalmology Multimodal Reasoning Dataset,APTOS 2019 Blindness Detection,0.3.0
mm_retinal_reason,derived_from,chaksu,https://huggingface.co/datasets/lxirich/MM-Retinal-Reason/tree/d6243baa82c0914dba3c6f43ca79fdbf856982ef,versioned_official_dataset_card,The version-pinned official dataset card lists this record among the CFP or OCT sources used to construct MM-Retinal-Reason.,confirmed,2026-08-01,Generic or non-cataloged names in the card were not forced to catalog targets.,MM-Retinal-Reason: Ophthalmology Multimodal Reasoning Dataset,CHAKSU: Multi-Device Glaucoma Fundus Dataset,0.3.0
mm_retinal_reason,derived_from,ddr,https://huggingface.co/datasets/lxirich/MM-Retinal-Reason/tree/d6243baa82c0914dba3c6f43ca79fdbf856982ef,versioned_official_dataset_card,The version-pinned official dataset card lists this record among the CFP or OCT sources used to construct MM-Retinal-Reason.,confirmed,2026-08-01,Generic or non-cataloged names in the card were not forced to catalog targets.,MM-Retinal-Reason: Ophthalmology Multimodal Reasoning Dataset,DDR: Diabetic Retinopathy Detection & Grading,0.3.0
mm_retinal_reason,derived_from,deepdrid,https://huggingface.co/datasets/lxirich/MM-Retinal-Reason/tree/d6243baa82c0914dba3c6f43ca79fdbf856982ef,versioned_official_dataset_card,The version-pinned official dataset card lists this record among the CFP or OCT sources used to construct MM-Retinal-Reason.,confirmed,2026-08-01,Generic or non-cataloged names in the card were not forced to catalog targets.,MM-Retinal-Reason: Ophthalmology Multimodal Reasoning Dataset,DeepDRiD: Diabetic Retinopathy Grading and Image Quality Dataset,0.3.0
mm_retinal_reason,derived_from,drishti_gs,https://huggingface.co/datasets/lxirich/MM-Retinal-Reason/tree/d6243baa82c0914dba3c6f43ca79fdbf856982ef,versioned_official_dataset_card,The version-pinned official dataset card lists this record among the CFP or OCT sources used to construct MM-Retinal-Reason.,confirmed,2026-08-01,Generic or non-cataloged names in the card were not forced to catalog targets.,MM-Retinal-Reason: Ophthalmology Multimodal Reasoning Dataset,DRISHTI-GS: Optic Disc and Cup Segmentation,0.3.0
mm_retinal_reason,derived_from,duke_chiu_boe,https://huggingface.co/datasets/lxirich/MM-Retinal-Reason/tree/d6243baa82c0914dba3c6f43ca79fdbf856982ef,versioned_official_dataset_card,The version-pinned official dataset card lists this record among the CFP or OCT sources used to construct MM-Retinal-Reason.,confirmed,2026-08-01,Generic or non-cataloged names in the card were not forced to catalog targets.,MM-Retinal-Reason: Ophthalmology Multimodal Reasoning Dataset,Duke OCT DME Dataset (Chiu BOE 2014),0.3.0
mm_retinal_reason,derived_from,e_ophtha,https://huggingface.co/datasets/lxirich/MM-Retinal-Reason/tree/d6243baa82c0914dba3c6f43ca79fdbf856982ef,versioned_official_dataset_card,The version-pinned official dataset card lists this record among the CFP or OCT sources used to construct MM-Retinal-Reason.,confirmed,2026-08-01,Generic or non-cataloged names in the card were not forced to catalog targets.,MM-Retinal-Reason: Ophthalmology Multimodal Reasoning Dataset,E-ophtha (EX + MA): Exudate and Microaneurysm Segmentation,0.3.0
mm_retinal_reason,derived_from,eyepacs,https://huggingface.co/datasets/lxirich/MM-Retinal-Reason/tree/d6243baa82c0914dba3c6f43ca79fdbf856982ef,versioned_official_dataset_card,The version-pinned official dataset card lists this record among the CFP or OCT sources used to construct MM-Retinal-Reason.,confirmed,2026-08-01,Generic or non-cataloged names in the card were not forced to catalog targets.,MM-Retinal-Reason: Ophthalmology Multimodal Reasoning Dataset,EyePACS — Diabetic Retinopathy Detection (Kaggle 2015),0.3.0
mm_retinal_reason,derived_from,fives,https://huggingface.co/datasets/lxirich/MM-Retinal-Reason/tree/d6243baa82c0914dba3c6f43ca79fdbf856982ef,versioned_official_dataset_card,The version-pinned official dataset card lists this record among the CFP or OCT sources used to construct MM-Retinal-Reason.,confirmed,2026-08-01,Generic or non-cataloged names in the card were not forced to catalog targets.,MM-Retinal-Reason: Ophthalmology Multimodal Reasoning Dataset,FIVES: Fundus Image Vessel Segmentation,0.3.0
mm_retinal_reason,derived_from,g1020,https://huggingface.co/datasets/lxirich/MM-Retinal-Reason/tree/d6243baa82c0914dba3c6f43ca79fdbf856982ef,versioned_official_dataset_card,The version-pinned official dataset card lists this record among the CFP or OCT sources used to construct MM-Retinal-Reason.,confirmed,2026-08-01,Generic or non-cataloged names in the card were not forced to catalog targets.,MM-Retinal-Reason: Ophthalmology Multimodal Reasoning Dataset,G1020: Glaucoma Benchmark Fundus Dataset,0.3.0
mm_retinal_reason,derived_from,gamma,https://huggingface.co/datasets/lxirich/MM-Retinal-Reason/tree/d6243baa82c0914dba3c6f43ca79fdbf856982ef,versioned_official_dataset_card,The version-pinned official dataset card lists this record among the CFP or OCT sources used to construct MM-Retinal-Reason.,confirmed,2026-08-01,Generic or non-cataloged names in the card were not forced to catalog targets.,MM-Retinal-Reason: Ophthalmology Multimodal Reasoning Dataset,GAMMA — Glaucoma Grading from Multi-Modality Images,0.3.0
mm_retinal_reason,derived_from,goals,https://huggingface.co/datasets/lxirich/MM-Retinal-Reason/tree/d6243baa82c0914dba3c6f43ca79fdbf856982ef,versioned_official_dataset_card,The version-pinned official dataset card lists this record among the CFP or OCT sources used to construct MM-Retinal-Reason.,confirmed,2026-08-01,Generic or non-cataloged names in the card were not forced to catalog targets.,MM-Retinal-Reason: Ophthalmology Multimodal Reasoning Dataset,GOALS — Glaucoma OCT Layer Segmentation (MICCAI 2022),0.3.0
mm_retinal_reason,derived_from,hassan_composite_retina,https://huggingface.co/datasets/lxirich/MM-Retinal-Reason/tree/d6243baa82c0914dba3c6f43ca79fdbf856982ef,versioned_official_dataset_card,The version-pinned official dataset card lists this record among the CFP or OCT sources used to construct MM-Retinal-Reason.,confirmed,2026-08-01,Generic or non-cataloged names in the card were not forced to catalog targets.,MM-Retinal-Reason: Ophthalmology Multimodal Reasoning Dataset,Composite Retinal Fundus and OCT Dataset with Clinical Markings,0.3.0
mm_retinal_reason,derived_from,hrf,https://huggingface.co/datasets/lxirich/MM-Retinal-Reason/tree/d6243baa82c0914dba3c6f43ca79fdbf856982ef,versioned_official_dataset_card,The version-pinned official dataset card lists this record among the CFP or OCT sources used to construct MM-Retinal-Reason.,confirmed,2026-08-01,Generic or non-cataloged names in the card were not forced to catalog targets.,MM-Retinal-Reason: Ophthalmology Multimodal Reasoning Dataset,HRF: High-Resolution Fundus Image Database,0.3.0
mm_retinal_reason,derived_from,idrid,https://huggingface.co/datasets/lxirich/MM-Retinal-Reason/tree/d6243baa82c0914dba3c6f43ca79fdbf856982ef,versioned_official_dataset_card,The version-pinned official dataset card lists this record among the CFP or OCT sources used to construct MM-Retinal-Reason.,confirmed,2026-08-01,Generic or non-cataloged names in the card were not forced to catalog targets.,MM-Retinal-Reason: Ophthalmology Multimodal Reasoning Dataset,IDRiD: Indian Diabetic Retinopathy Image Dataset,0.3.0
mm_retinal_reason,derived_from,jichi,https://huggingface.co/datasets/lxirich/MM-Retinal-Reason/tree/d6243baa82c0914dba3c6f43ca79fdbf856982ef,versioned_official_dataset_card,The version-pinned official dataset card lists this record among the CFP or OCT sources used to construct MM-Retinal-Reason.,confirmed,2026-08-01,Generic or non-cataloged names in the card were not forced to catalog targets.,MM-Retinal-Reason: Ophthalmology Multimodal Reasoning Dataset,Jichi Medical University Diabetic Retinopathy Dataset,0.3.0
mm_retinal_reason,derived_from,kermany_oct,https://huggingface.co/datasets/lxirich/MM-Retinal-Reason/tree/d6243baa82c0914dba3c6f43ca79fdbf856982ef,versioned_official_dataset_card,The version-pinned official dataset card lists this record among the CFP or OCT sources used to construct MM-Retinal-Reason.,confirmed,2026-08-01,Generic or non-cataloged names in the card were not forced to catalog targets.,MM-Retinal-Reason: Ophthalmology Multimodal Reasoning Dataset,Kermany OCT 2018: Retinal OCT Image Classification,0.3.0
mm_retinal_reason,derived_from,lag,https://huggingface.co/datasets/lxirich/MM-Retinal-Reason/tree/d6243baa82c0914dba3c6f43ca79fdbf856982ef,versioned_official_dataset_card,The version-pinned official dataset card lists this record among the CFP or OCT sources used to construct MM-Retinal-Reason.,confirmed,2026-08-01,Generic or non-cataloged names in the card were not forced to catalog targets.,MM-Retinal-Reason: Ophthalmology Multimodal Reasoning Dataset,LAG: Large-scale Attention-based Glaucoma Database,0.3.0
mm_retinal_reason,derived_from,oct_c8,https://huggingface.co/datasets/lxirich/MM-Retinal-Reason/tree/d6243baa82c0914dba3c6f43ca79fdbf856982ef,versioned_official_dataset_card,The version-pinned official dataset card lists this record among the CFP or OCT sources used to construct MM-Retinal-Reason.,confirmed,2026-08-01,Generic or non-cataloged names in the card were not forced to catalog targets.,MM-Retinal-Reason: Ophthalmology Multimodal Reasoning Dataset,Retinal OCT-C8: 8-Class OCT Classification,0.3.0
mm_retinal_reason,derived_from,octa_500,https://huggingface.co/datasets/lxirich/MM-Retinal-Reason/tree/d6243baa82c0914dba3c6f43ca79fdbf856982ef,versioned_official_dataset_card,The version-pinned official dataset card lists this record among the CFP or OCT sources used to construct MM-Retinal-Reason.,confirmed,2026-08-01,Generic or non-cataloged names in the card were not forced to catalog targets.,MM-Retinal-Reason: Ophthalmology Multimodal Reasoning Dataset,OCTA-500: Large-scale OCTA Multi-task Benchmark,0.3.0
mm_retinal_reason,derived_from,octdl,https://huggingface.co/datasets/lxirich/MM-Retinal-Reason/tree/d6243baa82c0914dba3c6f43ca79fdbf856982ef,versioned_official_dataset_card,The version-pinned official dataset card lists this record among the CFP or OCT sources used to construct MM-Retinal-Reason.,confirmed,2026-08-01,Generic or non-cataloged names in the card were not forced to catalog targets.,MM-Retinal-Reason: Ophthalmology Multimodal Reasoning Dataset,OCTDL: OCT Deep Learning Dataset,0.3.0
mm_retinal_reason,derived_from,octid,https://huggingface.co/datasets/lxirich/MM-Retinal-Reason/tree/d6243baa82c0914dba3c6f43ca79fdbf856982ef,versioned_official_dataset_card,The version-pinned official dataset card lists this record among the CFP or OCT sources used to construct MM-Retinal-Reason.,confirmed,2026-08-01,Generic or non-cataloged names in the card were not forced to catalog targets.,MM-Retinal-Reason: Ophthalmology Multimodal Reasoning Dataset,OCTID: OCT Image Database,0.3.0
mm_retinal_reason,derived_from,oimhs,https://huggingface.co/datasets/lxirich/MM-Retinal-Reason/tree/d6243baa82c0914dba3c6f43ca79fdbf856982ef,versioned_official_dataset_card,The version-pinned official dataset card lists this record among the CFP or OCT sources used to construct MM-Retinal-Reason.,confirmed,2026-08-01,Generic or non-cataloged names in the card were not forced to catalog targets.,MM-Retinal-Reason: Ophthalmology Multimodal Reasoning Dataset,OIMHS: OCT Image Macular Hole Segmentation Dataset,0.3.0
mm_retinal_reason,derived_from,palm,https://huggingface.co/datasets/lxirich/MM-Retinal-Reason/tree/d6243baa82c0914dba3c6f43ca79fdbf856982ef,versioned_official_dataset_card,The version-pinned official dataset card lists this record among the CFP or OCT sources used to construct MM-Retinal-Reason.,confirmed,2026-08-01,Generic or non-cataloged names in the card were not forced to catalog targets.,MM-Retinal-Reason: Ophthalmology Multimodal Reasoning Dataset,PALM — iChallenge Pathologic Myopia,0.3.0
mm_retinal_reason,derived_from,papila,https://huggingface.co/datasets/lxirich/MM-Retinal-Reason/tree/d6243baa82c0914dba3c6f43ca79fdbf856982ef,versioned_official_dataset_card,The version-pinned official dataset card lists this record among the CFP or OCT sources used to construct MM-Retinal-Reason.,confirmed,2026-08-01,Generic or non-cataloged names in the card were not forced to catalog targets.,MM-Retinal-Reason: Ophthalmology Multimodal Reasoning Dataset,PAPILA: Glaucoma Fundus Dataset with Clinical Data,0.3.0
mm_retinal_reason,derived_from,paraguay_dr,https://huggingface.co/datasets/lxirich/MM-Retinal-Reason/tree/d6243baa82c0914dba3c6f43ca79fdbf856982ef,versioned_official_dataset_card,The version-pinned official dataset card lists this record among the CFP or OCT sources used to construct MM-Retinal-Reason.,confirmed,2026-08-01,Generic or non-cataloged names in the card were not forced to catalog targets.,MM-Retinal-Reason: Ophthalmology Multimodal Reasoning Dataset,Paraguay Color Fundus DR Dataset,0.3.0
mm_retinal_reason,derived_from,refuge2018,https://huggingface.co/datasets/lxirich/MM-Retinal-Reason/tree/d6243baa82c0914dba3c6f43ca79fdbf856982ef,versioned_official_dataset_card,The version-pinned official dataset card lists this record among the CFP or OCT sources used to construct MM-Retinal-Reason.,confirmed,2026-08-01,Generic or non-cataloged names in the card were not forced to catalog targets.,MM-Retinal-Reason: Ophthalmology Multimodal Reasoning Dataset,REFUGE 2018: Retinal Fundus Glaucoma Challenge,0.3.0
mm_retinal_reason,derived_from,rfmid,https://huggingface.co/datasets/lxirich/MM-Retinal-Reason/tree/d6243baa82c0914dba3c6f43ca79fdbf856982ef,versioned_official_dataset_card,The version-pinned official dataset card lists this record among the CFP or OCT sources used to construct MM-Retinal-Reason.,confirmed,2026-08-01,Generic or non-cataloged names in the card were not forced to catalog targets.,MM-Retinal-Reason: Ophthalmology Multimodal Reasoning Dataset,RFMiD: Retinal Fundus Multi-disease Image Dataset,0.3.0
mm_retinal_reason,derived_from,roc,https://huggingface.co/datasets/lxirich/MM-Retinal-Reason/tree/d6243baa82c0914dba3c6f43ca79fdbf856982ef,versioned_official_dataset_card,The version-pinned official dataset card lists this record among the CFP or OCT sources used to construct MM-Retinal-Reason.,confirmed,2026-08-01,Generic or non-cataloged names in the card were not forced to catalog targets.,MM-Retinal-Reason: Ophthalmology Multimodal Reasoning Dataset,ROC: Retinopathy Online Challenge,0.3.0
mm_retinal_reason,derived_from,stage_task1,https://huggingface.co/datasets/lxirich/MM-Retinal-Reason/tree/d6243baa82c0914dba3c6f43ca79fdbf856982ef,versioned_official_dataset_card,The version-pinned official dataset card lists this record among the CFP or OCT sources used to construct MM-Retinal-Reason.,confirmed,2026-08-01,Generic or non-cataloged names in the card were not forced to catalog targets.,MM-Retinal-Reason: Ophthalmology Multimodal Reasoning Dataset,STAGE 2023 Task 1 — Mean Deviation Prediction from OCT,0.3.0
mm_retinal_reason,derived_from,stage_task2,https://huggingface.co/datasets/lxirich/MM-Retinal-Reason/tree/d6243baa82c0914dba3c6f43ca79fdbf856982ef,versioned_official_dataset_card,The version-pinned official dataset card lists this record among the CFP or OCT sources used to construct MM-Retinal-Reason.,confirmed,2026-08-01,Generic or non-cataloged names in the card were not forced to catalog targets.,MM-Retinal-Reason: Ophthalmology Multimodal Reasoning Dataset,STAGE 2023 Task 2 — Visual Field Sensitivity Map Prediction,0.3.0
mm_retinal_reason,derived_from,stare,https://huggingface.co/datasets/lxirich/MM-Retinal-Reason/tree/d6243baa82c0914dba3c6f43ca79fdbf856982ef,versioned_official_dataset_card,The version-pinned official dataset card lists this record among the CFP or OCT sources used to construct MM-Retinal-Reason.,confirmed,2026-08-01,Generic or non-cataloged names in the card were not forced to catalog targets.,MM-Retinal-Reason: Ophthalmology Multimodal Reasoning Dataset,STARE: Structured Analysis of the Retina,0.3.0
mm_retinal_reason,derived_from,sustech_sysu,https://huggingface.co/datasets/lxirich/MM-Retinal-Reason/tree/d6243baa82c0914dba3c6f43ca79fdbf856982ef,versioned_official_dataset_card,The version-pinned official dataset card lists this record among the CFP or OCT sources used to construct MM-Retinal-Reason.,confirmed,2026-08-01,Generic or non-cataloged names in the card were not forced to catalog targets.,MM-Retinal-Reason: Ophthalmology Multimodal Reasoning Dataset,SUSTech-SYSU Diabetic Retinopathy + Exudate Dataset,0.3.0
multieye,derived_from,ddr,https://arxiv.org/abs/2412.09402,associated_publication,The MultiEYE paper names this record as one of the public fundus or OCT sources assembled for the benchmark.,confirmed,2026-08-01,"MMC-AMD, 1000Fundus39Cat, and ARIA are not separate EyeDataHub records.",MultiEYE: OCT-Enhanced Fundus Multi-Disease Benchmark,DDR: Diabetic Retinopathy Detection & Grading,0.3.0
multieye,derived_from,eyepacs,https://arxiv.org/abs/2412.09402,associated_publication,The MultiEYE paper names this record as one of the public fundus or OCT sources assembled for the benchmark.,confirmed,2026-08-01,"MMC-AMD, 1000Fundus39Cat, and ARIA are not separate EyeDataHub records.",MultiEYE: OCT-Enhanced Fundus Multi-Disease Benchmark,EyePACS — Diabetic Retinopathy Detection (Kaggle 2015),0.3.0
multieye,derived_from,fives,https://arxiv.org/abs/2412.09402,associated_publication,The MultiEYE paper names this record as one of the public fundus or OCT sources assembled for the benchmark.,confirmed,2026-08-01,"MMC-AMD, 1000Fundus39Cat, and ARIA are not separate EyeDataHub records.",MultiEYE: OCT-Enhanced Fundus Multi-Disease Benchmark,FIVES: Fundus Image Vessel Segmentation,0.3.0
multieye,derived_from,goals,https://arxiv.org/abs/2412.09402,associated_publication,The MultiEYE paper names this record as one of the public fundus or OCT sources assembled for the benchmark.,confirmed,2026-08-01,"MMC-AMD, 1000Fundus39Cat, and ARIA are not separate EyeDataHub records.",MultiEYE: OCT-Enhanced Fundus Multi-Disease Benchmark,GOALS — Glaucoma OCT Layer Segmentation (MICCAI 2022),0.3.0
multieye,derived_from,hassan_composite_retina,https://arxiv.org/abs/2412.09402,associated_publication,The MultiEYE paper names this record as one of the public fundus or OCT sources assembled for the benchmark.,confirmed,2026-08-01,"MMC-AMD, 1000Fundus39Cat, and ARIA are not separate EyeDataHub records.",MultiEYE: OCT-Enhanced Fundus Multi-Disease Benchmark,Composite Retinal Fundus and OCT Dataset with Clinical Markings,0.3.0
multieye,derived_from,kermany_oct,https://arxiv.org/abs/2412.09402,associated_publication,The MultiEYE paper names this record as one of the public fundus or OCT sources assembled for the benchmark.,confirmed,2026-08-01,"MMC-AMD, 1000Fundus39Cat, and ARIA are not separate EyeDataHub records.",MultiEYE: OCT-Enhanced Fundus Multi-Disease Benchmark,Kermany OCT 2018: Retinal OCT Image Classification,0.3.0
multieye,derived_from,messidor2,https://arxiv.org/abs/2412.09402,associated_publication,The MultiEYE paper names this record as one of the public fundus or OCT sources assembled for the benchmark.,confirmed,2026-08-01,"MMC-AMD, 1000Fundus39Cat, and ARIA are not separate EyeDataHub records.",MultiEYE: OCT-Enhanced Fundus Multi-Disease Benchmark,MESSIDOR-2,0.3.0
multieye,derived_from,octid,https://arxiv.org/abs/2412.09402,associated_publication,The MultiEYE paper names this record as one of the public fundus or OCT sources assembled for the benchmark.,confirmed,2026-08-01,"MMC-AMD, 1000Fundus39Cat, and ARIA are not separate EyeDataHub records.",MultiEYE: OCT-Enhanced Fundus Multi-Disease Benchmark,OCTID: OCT Image Database,0.3.0
multieye,derived_from,odir2019,https://arxiv.org/abs/2412.09402,associated_publication,The MultiEYE paper names this record as one of the public fundus or OCT sources assembled for the benchmark.,confirmed,2026-08-01,"MMC-AMD, 1000Fundus39Cat, and ARIA are not separate EyeDataHub records.",MultiEYE: OCT-Enhanced Fundus Multi-Disease Benchmark,ODIR-2019: Ocular Disease Intelligent Recognition,0.3.0
multieye,derived_from,rfmid,https://arxiv.org/abs/2412.09402,associated_publication,The MultiEYE paper names this record as one of the public fundus or OCT sources assembled for the benchmark.,confirmed,2026-08-01,"MMC-AMD, 1000Fundus39Cat, and ARIA are not separate EyeDataHub records.",MultiEYE: OCT-Enhanced Fundus Multi-Disease Benchmark,RFMiD: Retinal Fundus Multi-disease Image Dataset,0.3.0
multieye,derived_from,rfmid2,https://arxiv.org/abs/2412.09402,associated_publication,The MultiEYE paper names this record as one of the public fundus or OCT sources assembled for the benchmark.,confirmed,2026-08-01,"MMC-AMD, 1000Fundus39Cat, and ARIA are not separate EyeDataHub records.",MultiEYE: OCT-Enhanced Fundus Multi-Disease Benchmark,RFMiD 2.0 Auxiliary Multi-Disease Fundus Dataset,0.3.0
multieye,derived_from,stare,https://arxiv.org/abs/2412.09402,associated_publication,The MultiEYE paper names this record as one of the public fundus or OCT sources assembled for the benchmark.,confirmed,2026-08-01,"MMC-AMD, 1000Fundus39Cat, and ARIA are not separate EyeDataHub records.",MultiEYE: OCT-Enhanced Fundus Multi-Disease Benchmark,STARE: Structured Analysis of the Retina,0.3.0
multieye,derived_from,vietai_retinal_disease,https://arxiv.org/abs/2412.09402,associated_publication,The MultiEYE paper names this record as one of the public fundus or OCT sources assembled for the benchmark.,confirmed,2026-08-01,"MMC-AMD, 1000Fundus39Cat, and ARIA are not separate EyeDataHub records.",MultiEYE: OCT-Enhanced Fundus Multi-Disease Benchmark,VietAI Retinal Disease Detection 2020,0.3.0
mured,derived_from,rfmid,https://doi.org/10.17632/pc4mb3h8hz.1,official_repository_metadata,"The MuReD description identifies STARE, RFMiD, and ARIA as image sources and applies post-processing.",confirmed,2026-08-01,ARIA is not a separate EyeDataHub record.,MuReD: Multi-label Retinal Diseases Dataset,RFMiD: Retinal Fundus Multi-disease Image Dataset,0.3.0
mured,derived_from,stare,https://doi.org/10.17632/pc4mb3h8hz.1,official_repository_metadata,"The MuReD description identifies STARE, RFMiD, and ARIA as image sources and applies post-processing.",confirmed,2026-08-01,ARIA is not a separate EyeDataHub record.,MuReD: Multi-label Retinal Diseases Dataset,STARE: Structured Analysis of the Retina,0.3.0
rao_fundus,derived_from,jsiec,https://doi.org/10.17632/5428684j44.2,official_repository_metadata,The RAO source reports use of public web images plus RFMiD and JSIEC images.,confirmed,2026-08-01,,RAO Retinal Artery Occlusion Fundus Photography Dataset,JSIEC Fundus Photo Dataset,0.3.0
rao_fundus,derived_from,rfmid,https://doi.org/10.17632/5428684j44.2,official_repository_metadata,The RAO source reports use of public web images plus RFMiD and JSIEC images.,confirmed,2026-08-01,,RAO Retinal Artery Occlusion Fundus Photography Dataset,RFMiD: Retinal Fundus Multi-disease Image Dataset,0.3.0
refuge1_multirater,derived_from,refuge2018,https://huggingface.co/datasets/realslimman/REFUGE-MultiRater,official_dataset_card,"The source provides seven-rater annotations for the 1,200 REFUGE challenge images.",confirmed,2026-08-01,,REFUGE Multi-Rater — Glaucoma with Multi-Expert Annotations,REFUGE 2018: Retinal Fundus Glaucoma Challenge,0.3.0
refuge2,version_of,refuge2018,https://refuge.grand-challenge.org/,official_challenge_publication,"REFUGE2 contains all 1,200 REFUGE images and adds 800 images from another domain.",confirmed,2026-08-01,,REFUGE2 — Retinal Fundus Glaucoma Challenge 2,REFUGE 2018: Retinal Fundus Glaucoma Challenge,0.3.0
reta_benchmark,derived_from,idrid,https://doi.org/10.6084/m9.figshare.16960855,official_repository_metadata,RETA reuses 81 images from the first IDRiD subset and adds vascular-tree annotations.,confirmed,2026-08-01,,RETA Benchmark for Retinal Vascular Tree Analysis,IDRiD: Indian Diabetic Retinopathy Image Dataset,0.3.0
retinal_vessel_robustness,derived_from,chase_db1,https://zenodo.org/records/12659652,official_repository_metadata,"The robustness benchmark contains augmented versions of DRIVE, STARE, and CHASE_DB1 images.",confirmed,2026-08-01,,Natural Robustness Benchmark for Retinal Vessel Segmentation,CHASE_DB1: Child Heart and Health Study in England,0.3.0
retinal_vessel_robustness,derived_from,drive,https://zenodo.org/records/12659652,official_repository_metadata,"The robustness benchmark contains augmented versions of DRIVE, STARE, and CHASE_DB1 images.",confirmed,2026-08-01,,Natural Robustness Benchmark for Retinal Vessel Segmentation,DRIVE: Digital Retinal Images for Vessel Extraction,0.3.0
retinal_vessel_robustness,derived_from,stare,https://zenodo.org/records/12659652,official_repository_metadata,"The robustness benchmark contains augmented versions of DRIVE, STARE, and CHASE_DB1 images.",confirmed,2026-08-01,,Natural Robustness Benchmark for Retinal Vessel Segmentation,STARE: Structured Analysis of the Retina,0.3.0
rfmid2,extension_of,rfmid,https://zenodo.org/records/7505822,official_repository_metadata,"RFMiD 2.0 is described as an auxiliary dataset to the earlier RFMiD release, not as the same image cohort.",confirmed,2026-08-01,,RFMiD 2.0 Auxiliary Multi-Disease Fundus Dataset,RFMiD: Retinal Fundus Multi-disease Image Dataset,0.3.0
riga_plus,derived_from,riga,https://zenodo.org/records/6325549,official_repository_metadata,RIGA+ is built from RIGA components plus the original MESSIDOR resource after duplicate removal.,confirmed,2026-08-01,"The source says MESSIDOR, not MESSIDOR-2; no edge to messidor2 is encoded.",RIGA+ Domain Adaptation Dataset,RIGA: Retinal Fundus Images for Glaucoma Analysis,0.3.0
rite,derived_from,drive,https://medicine.uiowa.edu/eye/rite-dataset,official_project_page,"RITE adds artery, vein, and vessel-tree labels to the same 40 DRIVE images.",confirmed,2026-08-01,,RITE: Retinal Images Vessel Tree Extraction (Artery/Vein),DRIVE: Digital Retinal Images for Vessel Extraction,0.3.0
smdg,derived_from,airogs,https://www.kaggle.com/datasets/deathtrooper/multichannel-glaucoma-benchmark-dataset,official_platform_metadata,The official SMDG source table lists this catalog record among the 19 standardized source domains.,confirmed,2026-08-01,"EyePACS-AIROGS is mapped to airogs, not the diabetic-retinopathy eyepacs record.",SMDG-19: Standardized Multi-channel Glaucoma Benchmark,AIROGS: AI for Robust Glaucoma Screening,0.3.0
smdg,derived_from,beh,https://www.kaggle.com/datasets/deathtrooper/multichannel-glaucoma-benchmark-dataset,official_platform_metadata,The official SMDG source table lists this catalog record among the 19 standardized source domains.,confirmed,2026-08-01,"EyePACS-AIROGS is mapped to airogs, not the diabetic-retinopathy eyepacs record.",SMDG-19: Standardized Multi-channel Glaucoma Benchmark,BEH: Bangladesh Eye Hospital Glaucoma Dataset,0.3.0
smdg,derived_from,drishti_gs,https://www.kaggle.com/datasets/deathtrooper/multichannel-glaucoma-benchmark-dataset,official_platform_metadata,The official SMDG source table lists this catalog record among the 19 standardized source domains.,confirmed,2026-08-01,"EyePACS-AIROGS is mapped to airogs, not the diabetic-retinopathy eyepacs record.",SMDG-19: Standardized Multi-channel Glaucoma Benchmark,DRISHTI-GS: Optic Disc and Cup Segmentation,0.3.0
smdg,derived_from,fives,https://www.kaggle.com/datasets/deathtrooper/multichannel-glaucoma-benchmark-dataset,official_platform_metadata,The official SMDG source table lists this catalog record among the 19 standardized source domains.,confirmed,2026-08-01,"EyePACS-AIROGS is mapped to airogs, not the diabetic-retinopathy eyepacs record.",SMDG-19: Standardized Multi-channel Glaucoma Benchmark,FIVES: Fundus Image Vessel Segmentation,0.3.0
smdg,derived_from,g1020,https://www.kaggle.com/datasets/deathtrooper/multichannel-glaucoma-benchmark-dataset,official_platform_metadata,The official SMDG source table lists this catalog record among the 19 standardized source domains.,confirmed,2026-08-01,"EyePACS-AIROGS is mapped to airogs, not the diabetic-retinopathy eyepacs record.",SMDG-19: Standardized Multi-channel Glaucoma Benchmark,G1020: Glaucoma Benchmark Fundus Dataset,0.3.0
smdg,derived_from,hrf,https://www.kaggle.com/datasets/deathtrooper/multichannel-glaucoma-benchmark-dataset,official_platform_metadata,The official SMDG source table lists this catalog record among the 19 standardized source domains.,confirmed,2026-08-01,"EyePACS-AIROGS is mapped to airogs, not the diabetic-retinopathy eyepacs record.",SMDG-19: Standardized Multi-channel Glaucoma Benchmark,HRF: High-Resolution Fundus Image Database,0.3.0
smdg,derived_from,jsiec,https://www.kaggle.com/datasets/deathtrooper/multichannel-glaucoma-benchmark-dataset,official_platform_metadata,The official SMDG source table lists this catalog record among the 19 standardized source domains.,confirmed,2026-08-01,"EyePACS-AIROGS is mapped to airogs, not the diabetic-retinopathy eyepacs record.",SMDG-19: Standardized Multi-channel Glaucoma Benchmark,JSIEC Fundus Photo Dataset,0.3.0
smdg,derived_from,odir2019,https://www.kaggle.com/datasets/deathtrooper/multichannel-glaucoma-benchmark-dataset,official_platform_metadata,The official SMDG source table lists this catalog record among the 19 standardized source domains.,confirmed,2026-08-01,"EyePACS-AIROGS is mapped to airogs, not the diabetic-retinopathy eyepacs record.",SMDG-19: Standardized Multi-channel Glaucoma Benchmark,ODIR-2019: Ocular Disease Intelligent Recognition,0.3.0
smdg,derived_from,papila,https://www.kaggle.com/datasets/deathtrooper/multichannel-glaucoma-benchmark-dataset,official_platform_metadata,The official SMDG source table lists this catalog record among the 19 standardized source domains.,confirmed,2026-08-01,"EyePACS-AIROGS is mapped to airogs, not the diabetic-retinopathy eyepacs record.",SMDG-19: Standardized Multi-channel Glaucoma Benchmark,PAPILA: Glaucoma Fundus Dataset with Clinical Data,0.3.0
smdg,derived_from,refuge2018,https://www.kaggle.com/datasets/deathtrooper/multichannel-glaucoma-benchmark-dataset,official_platform_metadata,The official SMDG source table lists this catalog record among the 19 standardized source domains.,confirmed,2026-08-01,"EyePACS-AIROGS is mapped to airogs, not the diabetic-retinopathy eyepacs record.",SMDG-19: Standardized Multi-channel Glaucoma Benchmark,REFUGE 2018: Retinal Fundus Glaucoma Challenge,0.3.0
stage_task1,same_or_overlapping_cohort_as,stage_task2,https://aistudio.baidu.com/aistudio/competition/detail/968/0/datasets,official_challenge_page,STAGE Tasks 1 and 2 use the same 400 OCT volumes and expose different labels.,confirmed,2026-08-01,,STAGE 2023 Task 1 — Mean Deviation Prediction from OCT,STAGE 2023 Task 2 — Visual Field Sensitivity Map Prediction,0.3.0
stage_task1,same_or_overlapping_cohort_as,stage_task3,https://aistudio.baidu.com/aistudio/competition/detail/968/0/datasets,official_challenge_page,STAGE Tasks 1 and 3 use the same 400 OCT volumes and expose different labels.,confirmed,2026-08-01,,STAGE 2023 Task 1 — Mean Deviation Prediction from OCT,STAGE 2023 Task 3 — Pattern Deviation Probability Map,0.3.0
stage_task2,same_or_overlapping_cohort_as,stage_task1,https://aistudio.baidu.com/aistudio/competition/detail/968/0/datasets,official_challenge_page,STAGE Tasks 1 and 2 use the same 400 OCT volumes and expose different labels.,confirmed,2026-08-01,,STAGE 2023 Task 2 — Visual Field Sensitivity Map Prediction,STAGE 2023 Task 1 — Mean Deviation Prediction from OCT,0.3.0
stage_task2,same_or_overlapping_cohort_as,stage_task3,https://aistudio.baidu.com/aistudio/competition/detail/968/0/datasets,official_challenge_page,STAGE Tasks 2 and 3 use the same 400 OCT volumes and expose different labels.,confirmed,2026-08-01,,STAGE 2023 Task 2 — Visual Field Sensitivity Map Prediction,STAGE 2023 Task 3 — Pattern Deviation Probability Map,0.3.0
stage_task3,same_or_overlapping_cohort_as,stage_task1,https://aistudio.baidu.com/aistudio/competition/detail/968/0/datasets,official_challenge_page,STAGE Tasks 1 and 3 use the same 400 OCT volumes and expose different labels.,confirmed,2026-08-01,,STAGE 2023 Task 3 — Pattern Deviation Probability Map,STAGE 2023 Task 1 — Mean Deviation Prediction from OCT,0.3.0
stage_task3,same_or_overlapping_cohort_as,stage_task2,https://aistudio.baidu.com/aistudio/competition/detail/968/0/datasets,official_challenge_page,STAGE Tasks 2 and 3 use the same 400 OCT volumes and expose different labels.,confirmed,2026-08-01,,STAGE 2023 Task 3 — Pattern Deviation Probability Map,STAGE 2023 Task 2 — Visual Field Sensitivity Map Prediction,0.3.0
trend2_fundus,extension_of,trend_fundus,https://zenodo.org/records/7678656,official_repository_metadata,TREND2 is described as an addition to the TREND portable-fundus resource.,confirmed,2026-08-01,,TREND2 Chronic Disease Portable Fundus Dataset,TREND Portable Fundus Microvascular Network Dataset,0.3.0
x_pcr,derived_from,aptos2019,https://huggingface.co/datasets/Fantasy666/X-PCR/tree/06a318fd852230326386e3c6514d8a11b7a6b4af,versioned_official_deposit_metadata,Source labels in the version-pinned public X-PCR deposit identify this catalog record as upstream material.,confirmed,2026-08-01,The 2023 APTOS angiography source is distinct from APTOS2019 and was not mapped to it.,X-PCR Ophthalmology Progressive Clinical Reasoning Benchmark,APTOS 2019 Blindness Detection,0.3.0
x_pcr,derived_from,beh,https://huggingface.co/datasets/Fantasy666/X-PCR/tree/06a318fd852230326386e3c6514d8a11b7a6b4af,versioned_official_deposit_metadata,Source labels in the version-pinned public X-PCR deposit identify this catalog record as upstream material.,confirmed,2026-08-01,The 2023 APTOS angiography source is distinct from APTOS2019 and was not mapped to it.,X-PCR Ophthalmology Progressive Clinical Reasoning Benchmark,BEH: Bangladesh Eye Hospital Glaucoma Dataset,0.3.0
x_pcr,derived_from,deepdrid,https://huggingface.co/datasets/Fantasy666/X-PCR/tree/06a318fd852230326386e3c6514d8a11b7a6b4af,versioned_official_deposit_metadata,Source labels in the version-pinned public X-PCR deposit identify this catalog record as upstream material.,confirmed,2026-08-01,The 2023 APTOS angiography source is distinct from APTOS2019 and was not mapped to it.,X-PCR Ophthalmology Progressive Clinical Reasoning Benchmark,DeepDRiD: Diabetic Retinopathy Grading and Image Quality Dataset,0.3.0
x_pcr,derived_from,eye_disease_image_mendeley,https://huggingface.co/datasets/Fantasy666/X-PCR/tree/06a318fd852230326386e3c6514d8a11b7a6b4af,versioned_official_deposit_metadata,Source labels in the version-pinned public X-PCR deposit identify this catalog record as upstream material.,confirmed,2026-08-01,The 2023 APTOS angiography source is distinct from APTOS2019 and was not mapped to it.,X-PCR Ophthalmology Progressive Clinical Reasoning Benchmark,Eye Disease Image Dataset,0.3.0
x_pcr,derived_from,eyepacs,https://huggingface.co/datasets/Fantasy666/X-PCR/tree/06a318fd852230326386e3c6514d8a11b7a6b4af,versioned_official_deposit_metadata,Source labels in the version-pinned public X-PCR deposit identify this catalog record as upstream material.,confirmed,2026-08-01,The 2023 APTOS angiography source is distinct from APTOS2019 and was not mapped to it.,X-PCR Ophthalmology Progressive Clinical Reasoning Benchmark,EyePACS — Diabetic Retinopathy Detection (Kaggle 2015),0.3.0
x_pcr,derived_from,harvard_gdp,https://huggingface.co/datasets/Fantasy666/X-PCR/tree/06a318fd852230326386e3c6514d8a11b7a6b4af,versioned_official_deposit_metadata,Source labels in the version-pinned public X-PCR deposit identify this catalog record as upstream material.,confirmed,2026-08-01,The 2023 APTOS angiography source is distinct from APTOS2019 and was not mapped to it.,X-PCR Ophthalmology Progressive Clinical Reasoning Benchmark,Harvard GDP: Glaucoma Detection and Progression Dataset,0.3.0
x_pcr,derived_from,jsiec,https://huggingface.co/datasets/Fantasy666/X-PCR/tree/06a318fd852230326386e3c6514d8a11b7a6b4af,versioned_official_deposit_metadata,Source labels in the version-pinned public X-PCR deposit identify this catalog record as upstream material.,confirmed,2026-08-01,The 2023 APTOS angiography source is distinct from APTOS2019 and was not mapped to it.,X-PCR Ophthalmology Progressive Clinical Reasoning Benchmark,JSIEC Fundus Photo Dataset,0.3.0
x_pcr,derived_from,kermany_oct,https://huggingface.co/datasets/Fantasy666/X-PCR/tree/06a318fd852230326386e3c6514d8a11b7a6b4af,versioned_official_deposit_metadata,Source labels in the version-pinned public X-PCR deposit identify this catalog record as upstream material.,confirmed,2026-08-01,The 2023 APTOS angiography source is distinct from APTOS2019 and was not mapped to it.,X-PCR Ophthalmology Progressive Clinical Reasoning Benchmark,Kermany OCT 2018: Retinal OCT Image Classification,0.3.0
x_pcr,derived_from,mured,https://huggingface.co/datasets/Fantasy666/X-PCR/tree/06a318fd852230326386e3c6514d8a11b7a6b4af,versioned_official_deposit_metadata,Source labels in the version-pinned public X-PCR deposit identify this catalog record as upstream material.,confirmed,2026-08-01,The 2023 APTOS angiography source is distinct from APTOS2019 and was not mapped to it.,X-PCR Ophthalmology Progressive Clinical Reasoning Benchmark,MuReD: Multi-label Retinal Diseases Dataset,0.3.0
x_pcr,derived_from,oct_c8,https://huggingface.co/datasets/Fantasy666/X-PCR/tree/06a318fd852230326386e3c6514d8a11b7a6b4af,versioned_official_deposit_metadata,Source labels in the version-pinned public X-PCR deposit identify this catalog record as upstream material.,confirmed,2026-08-01,The 2023 APTOS angiography source is distinct from APTOS2019 and was not mapped to it.,X-PCR Ophthalmology Progressive Clinical Reasoning Benchmark,Retinal OCT-C8: 8-Class OCT Classification,0.3.0
x_pcr,derived_from,octid,https://huggingface.co/datasets/Fantasy666/X-PCR/tree/06a318fd852230326386e3c6514d8a11b7a6b4af,versioned_official_deposit_metadata,Source labels in the version-pinned public X-PCR deposit identify this catalog record as upstream material.,confirmed,2026-08-01,The 2023 APTOS angiography source is distinct from APTOS2019 and was not mapped to it.,X-PCR Ophthalmology Progressive Clinical Reasoning Benchmark,OCTID: OCT Image Database,0.3.0
x_pcr,derived_from,odir2019,https://huggingface.co/datasets/Fantasy666/X-PCR/tree/06a318fd852230326386e3c6514d8a11b7a6b4af,versioned_official_deposit_metadata,Source labels in the version-pinned public X-PCR deposit identify this catalog record as upstream material.,confirmed,2026-08-01,The 2023 APTOS angiography source is distinct from APTOS2019 and was not mapped to it.,X-PCR Ophthalmology Progressive Clinical Reasoning Benchmark,ODIR-2019: Ocular Disease Intelligent Recognition,0.3.0
x_pcr,derived_from,oimhs,https://huggingface.co/datasets/Fantasy666/X-PCR/tree/06a318fd852230326386e3c6514d8a11b7a6b4af,versioned_official_deposit_metadata,Source labels in the version-pinned public X-PCR deposit identify this catalog record as upstream material.,confirmed,2026-08-01,The 2023 APTOS angiography source is distinct from APTOS2019 and was not mapped to it.,X-PCR Ophthalmology Progressive Clinical Reasoning Benchmark,OIMHS: OCT Image Macular Hole Segmentation Dataset,0.3.0
x_pcr,derived_from,rfmid2,https://huggingface.co/datasets/Fantasy666/X-PCR/tree/06a318fd852230326386e3c6514d8a11b7a6b4af,versioned_official_deposit_metadata,Source labels in the version-pinned public X-PCR deposit identify this catalog record as upstream material.,confirmed,2026-08-01,The 2023 APTOS angiography source is distinct from APTOS2019 and was not mapped to it.,X-PCR Ophthalmology Progressive Clinical Reasoning Benchmark,RFMiD 2.0 Auxiliary Multi-Disease Fundus Dataset,0.3.0
