name,full_name,modality,tasks,num_samples,size_gb,license,license_family,download_type,download_url,geography,scanner_device,age_range,sex_distribution,ethnicity,num_patients
dryad_aoslo_rpe,AOSLO RPE Cell Morphometry and Cone Mosaic Dataset,adaptive_optics,segmentation|measurement,10.0,0.084,CC0 1.0,cc0,dryad,https://doi.org/10.5061/dryad.b41j15h,,,,,,
goblet_cell_segmentation,Human Conjunctival Goblet Cell Segmentation Dataset,cell_microscopy,segmentation|counting,24.0,0.514,CC BY 4.0,cc-by,zenodo,https://doi.org/10.5281/zenodo.18642562,,,,,,
corn_collection,CORN: Corneal Confocal Microscope Dataset Collection,confocal,segmentation|grading|classification|quality,,,Creative Commons Attribution 4.0 International,cc-by,manual,https://zenodo.org/records/19689814,,,,,,
corn_pro,CORN Pro: Corneal Nerve Confocal Microscopy Dataset,confocal,segmentation|grading|classification,688.0,0.5,CC BY 4.0,cc-by,manual,https://zenodo.org/records/14263883,,,,,,
corneal_epithelium_confocal,Keratoconus Corneal Epithelium Confocal Fluorescence Dataset,confocal,classification|segmentation,7.0,0.1,CC BY 4.0,cc-by,mendeley,https://data.mendeley.com/datasets/n3gky25brh/2,,,,,,
cornorb,CornOrb: Orbscan Corneal Topography and Clinical Annotations,corneal_topography,classification,1454.0,0.68,CC BY 4.0,cc-by,zenodo,https://zenodo.org/records/20542091,,,,,,
leops_erg,LEOPs Light-Adapted Electroretinogram and Oscillatory Potentials Dataset,electrophysiology,classification|regression,9743.0,,CC BY 4.0,cc-by,mendeley,https://data.mendeley.com/datasets/w3yx7hdds7/1,,,,,,
perg_ioba,PERG-IOBA Ocular Electrophysiology Dataset,electrophysiology,classification|regression,1354.0,0.1,ODC-BY 1.0 (Open Data Commons Attribution),odc-by,physionet,https://physionet.org/content/perg-ioba-dataset/1.0.0/,,,,,,
external_eye_blepharitis,External Eye Photographs for Screening Referable Blepharitis,external_eye,classification,,,CC BY 4.0,cc-by,mendeley,https://data.mendeley.com/datasets/bp37vw4z8d/1,,,,,,
eye_conjunctiva_segmentation,Eye Conjunctiva Segmentation Dataset,external_eye,segmentation,547.0,,CC BY 4.0,cc-by,mendeley,https://data.mendeley.com/datasets/yxwjgcndg2/1,,,,,,
periorbital_segmentation,Open-Source Periorbital Segmentation Dataset,external_eye,segmentation|measurement,2842.0,0.19,CC BY 4.0,cc-by,zenodo,https://doi.org/10.5281/zenodo.13916845,,,,,,
popeye_nir,PopEYE Infrared Ocular Image Dataset,external_eye,classification,14976.0,3.0,CC BY 4.0,cc-by,zenodo,https://zenodo.org/records/18430187,,,,,,
thyroid_ophthalmopathy_external,Thyroid Ophthalmopathy External Ocular Images,external_eye,classification,,,CC BY 4.0,cc-by,mendeley,https://data.mendeley.com/datasets/z7ys7r4bdn/2,,,,,,
glaucoma_eye_movements,Eye Movements of Glaucoma Patients with Asymmetrical Visual Field Loss,eye_tracking,regression|classification,270.0,0.1,CC BY 4.0,cc-by,zenodo,https://zenodo.org/records/7761477,,,,,,
acrima,ACRIMA: Glaucoma Optic Disc Fundus Database,fundus,classification,705.0,0.5,CC BY 4.0,cc-by,figshare,https://figshare.com/s/c2d31f850af14c5b5232,Spain (Madrid — Hospital Clínico San Carlos; processed at Universitat Politècnica de València),Topcon TRC-NW8 (45° non-mydriatic),not reported,not reported,Spanish,705.0
afio_fundus_vessels,AFIO Fundus Images for Vessel Segmentation and Disease Annotation,fundus,segmentation|classification,100.0,0.2,CC BY 4.0,cc-by,mendeley,https://data.mendeley.com/datasets/3csr652p9y/2,,,,,,
agar300,AGAR300 Microaneurysm Fundus Image Dataset,fundus,lesion_detection,28.0,,CC BY 4.0,cc-by,manual,https://ieee-dataport.org/open-access/diabetic-retinopathy-fundus-image-datasetagar300,,,,,,
amdnet23,AMDNet23 Fundus Image Dataset for AMD Detection,fundus,classification,2000.0,,CC BY 4.0,cc-by,mendeley,https://data.mendeley.com/datasets/yj35kjgrv3/1,,,,,,
aptos_arcade_onh_masks,APTOS Vascular Arcade and Optic Nerve Head Masks,fundus,segmentation,500.0,0.1,Apache-2.0,apache,zenodo,https://zenodo.org/records/20711325,,,,,,
bajwa_multi_eye,Bajwa Hospital Multi Eye Disease Dataset,fundus,classification,300.0,0.2,CC BY 4.0,cc-by,mendeley,https://data.mendeley.com/datasets/rgwpd4m785/3,,,,,,
bmrd,Bangladesh Multi-Disease Retinal Dataset,fundus,classification|grading,1786.0,,CC BY 4.0,cc-by,mendeley,https://data.mendeley.com/datasets/959whsbc6v/1,,,,,,
chaksu,CHAKSU: Multi-Device Glaucoma Fundus Dataset,fundus,classification|segmentation,1345.0,5.0,CC BY 4.0,cc-by,figshare,https://doi.org/10.6084/m9.figshare.20123135,,,,,,
chase_db1,CHASE_DB1: Child Heart and Health Study in England,fundus,segmentation,28.0,0.05,CC BY 4.0,cc-by,manual,https://researchinnovation.kingston.ac.uk/en/datasets/chasedb1-retinal-vessel-reference-dataset-4/,"United Kingdom (Kingston, England)","Nikon D3, 30° FOV (handheld fundus camera); NM-200D",9–11 years (schoolchildren),mixed,multi-ethnic UK schoolchildren,28.0
coph100,COph100: Comprehensive Infant Fundus Image Registration Dataset (RIDIRP),fundus,regression|segmentation,982.0,1.0,CC BY 4.0,cc-by,figshare,https://doi.org/10.6084/m9.figshare.27061084.v1,,,,,,
corneal_curvature_fundus,Corneal Curvature Prediction Using Fundus Photography,fundus,classification|regression,150.0,0.1,CC BY 4.0,cc-by,mendeley,https://data.mendeley.com/datasets/bc2jfr7dv9/1,,,,,,
csc_fundus_segmentation,Central Serous Chorioretinopathy Fundus Segmentation Dataset,fundus,segmentation|classification,287.0,0.5,CC BY 4.0,cc-by,mendeley,https://data.mendeley.com/datasets/4k64fwnp4k/5,,,,,,
csdi,CSDI: Cataract Severity Diagnostic Image Dataset,fundus,grading|classification,187.0,1.0,CC BY 4.0,cc-by,huggingface,https://huggingface.co/datasets/RainyNight/CSDI,,,,,,
ddr,DDR: Diabetic Retinopathy Detection & Grading,fundus,grading|classification,12522.0,4.0,MIT,mit,gdrive,https://drive.google.com/drive/folders/1z6tSFmxW_aNayUqVxx6h6bY4kwGzUTEC,"China (multi-center, Tianjin/Jinan hospitals)",Canon CR-2 and Topcon NW400 (non-mydriatic),not reported,not reported,Chinese,12522.0
deepdrid,DeepDRiD: Diabetic Retinopathy Grading and Image Quality Dataset,fundus,grading|classification|quality,2256.0,3.0,CC BY-SA 4.0,cc-by-sa,zenodo,https://zenodo.org/records/8248825,"China (multi-centre — Shenzhen, Guangzhou, Chengdu)","Zeiss Visucam 500, Topcon TRC-50DX (dual-view 45°); Optos 200Tx (UWF subset)",20–90 years (diabetic patients),~50% female,Chinese,1600.0
eye_disease_image_mendeley,Eye Disease Image Dataset,fundus,classification,5335.0,1.5,CC BY 4.0,cc-by,mendeley,https://data.mendeley.com/datasets/s9bfhswzjb/1,,,,,,
farfum_rop,FARFUM-ROP: Fundus Annotation Repository for Retinopathy of Prematurity,fundus,classification,1533.0,1.0,CC BY 4.0,cc-by,figshare,https://doi.org/10.6084/m9.figshare.c.6721269,Iran (Tehran — multi-centre NICU),RetCam (wide-field neonatal fundus camera),Neonatal/premature infants (gestational 24–36 weeks),not reported,Iranian,1533.0
fimd,Fundus Image Myopia Development Dataset,fundus,registration|regression,70.0,0.2,CC BY 4.0,cc-by,mendeley,https://data.mendeley.com/datasets/jkzsh6pcv4/1,,,,,,
fiqs,FIQS: Fundus Image Quality Scores Dataset,fundus,quality|grading|regression,2246.0,9.07,CC BY 4.0,cc-by,figshare,https://doi.org/10.6084/m9.figshare.28129847.v1,,,,,,
fives,FIVES: Fundus Image Vessel Segmentation,fundus,segmentation,800.0,1.1,CC BY 4.0,cc-by,figshare,https://doi.org/10.6084/m9.figshare.19688169,China (Beijing Tongren Hospital),"Canon CX-1, 30° digital non-mydriatic fundus camera",18–90 years,not reported,Chinese,800.0
fundus_avseg,Fundus-AVSeg: Artery-Vein-Crossing Segmentation,fundus,segmentation,100.0,0.5,CC BY 4.0,cc-by,figshare,https://doi.org/10.6084/m9.figshare.27938034,,,,,,
fundus_domain_generalization,Fundus Dataset for Domain Generalization in Optic Disc/Cup Segmentation,fundus,segmentation,,0.62,CC BY 4.0,cc-by,zenodo,https://zenodo.org/records/8009107,,,,,,
g1020,G1020: Glaucoma Benchmark Fundus Dataset,fundus,classification,1020.0,2.0,CC BY 4.0,cc-by,kaggle,https://arxiv.org/abs/2006.09158,Pakistan (Islamabad),Nikon and Topcon fundus cameras (details in paper),not reported,not reported,South Asian (Pakistani),1020.0
harvard_glaucoma,Harvard Glaucoma Fundus Image Dataset,fundus,classification,1000.0,1.5,CC0 1.0 (Public Domain),cc0,direct,https://doi.org/10.7910/DVN/1YRRAC,USA (Harvard/Massachusetts Eye and Ear),"Various (Zeiss Clarus, Optos, Topcon — mixed fleet)",not reported,not reported,not reported,1000.0
hpmi,HPMI: High & Pathological Myopia Identification,fundus,classification,4011.0,2.0,CC BY 4.0,cc-by,figshare,https://doi.org/10.6084/m9.figshare.24800232,,,,,,
hrf,HRF: High-Resolution Fundus Image Database,fundus,segmentation,45.0,0.5,CC BY 4.0,cc-by,manual,https://www5.cs.fau.de/research/data/fundus-images/,"Germany (Erlangen, FAU)","Canon CR-1 Mark II (45° FOV, 3504×2336 px)",not reported,not reported,not reported,45.0
hrf_seg_plus,HRF-Seg+: Multi-Structure Fundus Annotations,fundus,segmentation,45.0,0.01,CC BY 4.0,cc-by,zenodo,https://zenodo.org/records/16744782,,,,,,
hygd,HYGD: Hillel Yaffe Glaucoma Dataset,fundus,classification,747.0,1.0,ODC-BY 1.0 (Open Data Commons Attribution),odc-by,physionet,https://doi.org/10.13026/pdxv-m215,,,,,,
idrid,IDRiD: Indian Diabetic Retinopathy Image Dataset,fundus,grading|classification|segmentation,516.0,2.5,CC BY 4.0,cc-by,manual,https://ieee-dataport.org/open-access/indian-diabetic-retinopathy-image-dataset-idrid,"India (Nanded, Maharashtra — Shri Ganesha Vinayak Eye Institute)","Kowa VX-10α (50° digital non-mydriatic, 4752×3168 px)",not reported (diabetic patients),not reported,South Asian (Indian),516.0
irfdrd,Iraqi Retinal Fundus Diabetic Retinopathy Dataset,fundus,classification|grading,,,CC BY 4.0,cc-by,zenodo,https://zenodo.org/records/12552326,,,,,,
jichi,Jichi Medical University Diabetic Retinopathy Dataset,fundus,grading|classification,9939.0,10.0,CC BY 4.0,cc-by,figshare,https://doi.org/10.6084/m9.figshare.4879853,,,,,,
maples_dr,MAPLES-DR: Montreal Annotation Project for DR,fundus,segmentation|grading|classification,198.0,0.5,CC BY 4.0,cc-by,figshare,https://doi.org/10.6084/m9.figshare.24328660,Canada (Montréal — Hôpital Maisonneuve-Rosemont + Université de Montréal),Topcon NW400 and Topcon TRC-NW8 (45° non-mydriatic),18+ years (diabetic patients),not reported,mixed (Montréal population),198.0
mfiddr,MFIDDR: Multi-Field Imaging Dataset for Diabetic Retinopathy,fundus,grading|classification|multilabel,34452.0,30.0,MIT (form-gated download),mit,manual,https://github.com/mfiddr/MFIDDR,,,,,,
mshf,Multi-Source Heterogeneous Fundus Dataset for Image Quality Assessment,fundus,quality_assessment|classification,,1.06,CC BY 4.0,cc-by,figshare,https://doi.org/10.6084/m9.figshare.21507564,,,,,,
msila_fundus_dr,M'Sila Retinal Fundus Dataset for Diabetic Retinopathy Classification,fundus,classification|grading,1335.0,1.47,CC BY 4.0,cc-by,zenodo,https://zenodo.org/records/19169587,,,,,,
mured,MuReD: Multi-label Retinal Diseases Dataset,fundus,multilabel|classification,2208.0,2.0,CC BY 4.0,cc-by,mendeley,https://data.mendeley.com/datasets/pc4mb3h8hz/1,,,,,,
myopic_regression_fundus,Myopic Regression after Corneal Refractive Surgery Fundus Sample,fundus,regression|classification,330.0,0.2,CC BY 4.0,cc-by,mendeley,https://data.mendeley.com/datasets/k34rvfw3dg/2,,,,,,
odir2019,ODIR-2019: Ocular Disease Intelligent Recognition,fundus,multilabel|classification,8000.0,3.5,CC BY-SA 4.0,cc-by-sa,kaggle,https://www.kaggle.com/datasets/andrewmvd/ocular-disease-recognition-odir5k,China (multi-centre — ODIR Challenge 2019),Various (fundus cameras not specified uniformly),not reported,not reported,Chinese,8000.0
papila,PAPILA: Glaucoma Fundus Dataset with Clinical Data,fundus,classification|segmentation,488.0,0.4,CC BY 4.0,cc-by,direct,https://zenodo.org/records/6379970,"Spain (Alcorcón, Murcia — two ophthalmology departments)",Topcon TRC-NW8 (45° non-mydriatic),not reported,not reported,Spanish,488.0
paraguay_dr,Paraguay Color Fundus DR Dataset,fundus,grading|classification,757.0,0.5,CC BY 4.0,cc-by,zenodo,https://zenodo.org/record/4647952,,,,,,
rao_fundus,RAO Retinal Artery Occlusion Fundus Photography Dataset,fundus,classification,,,CC BY 4.0,cc-by,mendeley,https://data.mendeley.com/datasets/5428684j44/1,,,,,,
reta_benchmark,RETA Benchmark for Retinal Vascular Tree Analysis,fundus,segmentation|vessel_analysis,81.0,0.84,CC BY 4.0,cc-by,figshare,https://doi.org/10.6084/m9.figshare.16960855,,,,,,
retina_age_analysis,Retina Age Analysis,fundus,regression,9857.0,1.0,MIT,mit,huggingface,https://huggingface.co/datasets/ramankamran/retina-age-analysis,,,,,,
retinal_vessel_robustness,Natural Robustness Benchmark for Retinal Vessel Segmentation,fundus,segmentation,,8.15,MIT,mit,zenodo,https://zenodo.org/records/12659652,,,,,,
rfmid,RFMiD: Retinal Fundus Multi-disease Image Dataset,fundus,multilabel|classification,3200.0,1.5,CC BY-SA 4.0,cc-by-sa,kaggle,https://www.kaggle.com/datasets/andrewmvd/retinal-disease-classification,India (Pune — Nanded and Icare Eye Institute),Topcon TRC-50DX (45°) and Kowa VX-10α,not reported,not reported,South Asian (Indian),3200.0
rfmid2,RFMiD 2.0 Auxiliary Multi-Disease Fundus Dataset,fundus,classification|multilabel,860.0,0.5,CC BY 4.0,cc-by,zenodo,https://zenodo.org/records/7505822,,,,,,
riga_plus,RIGA+ Domain Adaptation Dataset,fundus,segmentation,,,CC BY 4.0,cc-by,zenodo,https://zenodo.org/records/6325549,,,,,,
rimone_dl,RIM-ONE DL,fundus,classification,485.0,0.5,CC BY 4.0,cc-by,kaggle,https://www.kaggle.com/datasets/orvile/rim-one-retinal-dataset-for-assessing-glaucoma,"Spain (Canary Islands, Huelva, Alicante — three hospitals)","Nikon D3, Canon EOS (various)",not reported,not reported,Spanish,485.0
rop_ostrava,Retinal Image Dataset of Infants and ROP (Ostrava),fundus,classification,6004.0,5.0,CC BY 4.0,cc-by,kaggle,https://www.kaggle.com/datasets/jananowakova/retinal-image-dataset-of-infants-and-rop,,,,,,
rop_synthetic_mendeley,Synthetic Medical Images for ROP Diagnosis,fundus,classification|segmentation,5842.0,2.0,CC BY 4.0,cc-by,mendeley,https://data.mendeley.com/datasets/fscyyhg6vt/1,,,,,,
rop_uwf_intelligent,Fundus Dataset for Intelligent ROP System,fundus,grading|classification,1099.0,4.0,CC BY 4.0,cc-by,figshare,https://doi.org/10.6084/m9.figshare.25514449,,,,,,
smdg,SMDG-19: Standardized Multi-channel Glaucoma Benchmark,fundus,classification|segmentation,12449.0,5.0,CC0 1.0 (Public Domain),cc0,kaggle,https://www.kaggle.com/datasets/deathtrooper/multichannel-glaucoma-benchmark-dataset,,,,,,
sustech_sysu,SUSTech-SYSU Diabetic Retinopathy + Exudate Dataset,fundus,grading|segmentation|classification,1219.0,3.0,CC BY 4.0,cc-by,figshare,https://doi.org/10.6084/m9.figshare.12570770,,,,,,
toxofundus,ToxoFundus: Ocular Toxoplasmosis Fundus Dataset,fundus,classification,412.0,0.2,CC BY 4.0,cc-by,kaggle,https://www.kaggle.com/datasets/nafin59/ocular-toxoplasmosis-fundus-images-dataset,Brazil (São Paulo — Federal University of São Paulo / UNIFESP),Topcon TRC-50DX and Zeiss Visucam Pro NM,not reported,not reported,Brazilian,412.0
trend2_fundus,TREND2 Chronic Disease Portable Fundus Dataset,fundus,segmentation|regression,28.0,0.1,CC BY 4.0,cc-by,zenodo,https://zenodo.org/records/7678656,,,,,,
trend_fundus,TREND Portable Fundus Microvascular Network Dataset,fundus,segmentation|regression,82.0,0.1,CC BY 4.0,cc-by,zenodo,https://zenodo.org/records/4521044,,,,,,
casia_iris_v4,CASIA-IrisV4 Iris Image Database,iris_biometrics,biometric_recognition|classification,54601.0,1.86,Public domain; source access terms apply,cc0,manual,https://hycasia.github.io/dataset/casia-irisv4/,,,,,,
data_oct_fundus_glaucoma,Data on OCT and Fundus Images,multimodal,classification|grading,50.0,0.1,CC BY 4.0,cc-by,mendeley,https://data.mendeley.com/datasets/2rnnz5nz74/2,,,,,,
dme_vqa,Diabetic Macular Edema Visual Question Answering Dataset,multimodal,visual_question_answering|classification,,0.1,CC BY 4.0,cc-by,zenodo,https://zenodo.org/records/6784358,,,,,,
dme_vqa_logical,DME VQA Dataset with Logical Relations,multimodal,visual_question_answering,,0.1,CC BY 4.0,cc-by,zenodo,https://zenodo.org/records/7777849,,,,,,
dryad_cornea_oct_pentacam,Corneal OCT and Pentacam Tomography Dataset,multimodal,segmentation|measurement|registration,,0.392,CC0 1.0,cc0,dryad,https://doi.org/10.5061/dryad.tht76hf0c,,,,,,
dryad_retinal_vein_cannulation,Autonomous Retinal Vein Cannulation Data and Code,multimodal,classification|navigation|surgical_workflow,26.0,7.511,CC0 1.0,cc0,dryad,https://doi.org/10.5061/dryad.3ffbg79zd,,,,,,
dryad_subretinal_robot,Head-Mounted Robot Subretinal Injection Dataset,multimodal,segmentation|surgical_workflow|regression,,2.481,CC0 1.0,cc0,dryad,https://doi.org/10.5061/dryad.w0vt4b91w,,,,,,
fovea,FOVEA: Pre/Intra-Operative Fundus + Biomicroscopy,multimodal,segmentation,40.0,4.0,CC BY 4.0,cc-by,figshare,https://doi.org/10.6084/m9.figshare.28329338,,,,,,
fundus_report_dataset,Fundus Report Dataset,multimodal,report_generation|text_generation,422.0,0.5,CC BY 4.0,cc-by,huggingface,https://huggingface.co/datasets/zzzzineun/fundus-report-dataset,,,,,,
grape,GRAPE: Glaucoma Real-world Appraisal Progression Ensemble,multimodal,regression|segmentation|classification,1115.0,1.5,CC0 1.0,cc0,figshare,https://doi.org/10.6084/m9.figshare.c.6406319,"China (Guangzhou — Zhongshan Ophthalmic Center, Sun Yat-sen University)",Heidelberg Spectralis OCT + Optos UWF + Zeiss HFA (multi-modal),40+ years (glaucoma follow-up),not reported,Chinese,1115.0
hassan_composite_retina,Composite Retinal Fundus and OCT Dataset with Clinical Markings,multimodal,segmentation|classification|grading,,2.0,CC BY 4.0,cc-by,mendeley,https://data.mendeley.com/datasets/trghs22fpg/4,,,,,,
lmod_cataract_1k_cot,Cataract-1K Surgical Analysis Chain-of-Thought Dataset,multimodal,visual_question_answering|text_generation,,1.0,MIT,mit,huggingface,https://huggingface.co/datasets/mehti/LMOD-Cataract-1K-surgical-analysis-cot,,,,,,
mcoa,MCOA: Multimodal Corneal Opacity Assessment Dataset,multimodal,classification|grading,6664.0,8.0,CC BY 4.0,cc-by,figshare,https://doi.org/10.6084/m9.figshare.28123088.v1,,,,,,
mmrdr,MMRDR: Multi-Modal Retinal Diabetic Retinopathy Dataset,multimodal,grading|classification,24460.0,18.61,CC BY 4.0,cc-by,figshare,https://doi.org/10.6084/m9.figshare.29423747,"China (multi-modal, centres not detailed in descriptor)",Fundus: various; OCT: Zeiss Cirrus; UWF: Optos (mixed),not reported,not reported,Chinese,
multieye,MultiEYE: OCT-Enhanced Fundus Multi-Disease Benchmark,multimodal,classification,58036.0,27.3,MIT,mit,huggingface,https://huggingface.co/datasets/Luxuriant16/MultiEYE,,,,,,
ophthalvqa,OphthalVQA Dataset,multimodal,visual_question_answering|classification,,0.03,CC BY 4.0,cc-by,figshare,https://doi.org/10.6084/m9.figshare.25624917,,,,,,
tear_meniscus,Multicentre Tear Meniscus Segmentation Dataset,multimodal,segmentation,3432.0,1.5,CC BY 4.0,cc-by,figshare,https://doi.org/10.6084/m9.figshare.28650536.v2,,,,,,
tom500,TOM500: Multi-Organ Annotated Orbital MRI Dataset for Thyroid Eye Disease,multimodal,segmentation,500.0,20.0,CC0 1.0,cc0,figshare,https://doi.org/10.6084/m9.figshare.27133389.v1,,,,,,
uveitis_smote,Image Dataset on Eye Diseases Classification with Symptoms and SMOTE Validation,multimodal,classification|text_generation,3245.0,0.5,CC BY 4.0,cc-by,mendeley,https://data.mendeley.com/datasets/n9zp473wfw/2,,,,,,
amd_dme_3d_oct,Comprehensive 3D OCT Dataset for AMD and DME,oct,segmentation|classification,224.0,19.65,CC BY 4.0,cc-by,figshare,https://doi.org/10.6084/m9.figshare.30582035.v1,,,,,,
as_oct_keratitis,AS-OCT Keratitis Segmentation Dataset,oct,segmentation,1168.0,1.5,CC0 1.0,cc0,figshare,https://doi.org/10.6084/m9.figshare.c.7036994.v1,,,,,,
dryad_functional_oct_alzheimer,Functional OCT Retinal Response Dataset,oct,classification|registration|regression,,2.058,CC0 1.0,cc0,dryad,https://doi.org/10.5061/dryad.msbcc2ftc,,,,,,
fociset_pamm,FociSet PAMM OCT Lesion Dataset,oct,detection|segmentation,133.0,,CC BY 4.0,cc-by,mendeley,https://data.mendeley.com/datasets/mkwxn7rjpm/2,,,,,,
goals,GOALS — Glaucoma OCT Layer Segmentation (MICCAI 2022),oct,segmentation|classification,300.0,0.5,CC BY 4.0,cc-by,gdrive,https://aistudio.baidu.com/competition/detail/783/0/introduction,China (Hangzhou — Zhejiang University Second Affiliated Hospital),Optovue Avanti RTVue XR OCTA (6×6 mm),not reported,not reported,Chinese,300.0
kermany_oct,Kermany OCT 2018: Retinal OCT Image Classification,oct,classification,84484.0,6.0,CC BY 4.0,cc-by,kaggle,https://www.kaggle.com/datasets/paultimothymooney/kermany2018,USA (UC San Diego + China — Shenzhen Aier Eye Hospital),Heidelberg Spectralis OCT,not reported,not reported,mixed (US + Chinese),
mario,MARIO: AMD-Progression Longitudinal OCT (MICCAI 2024),oct,classification|progression,30000.0,25.0,CC BY 4.0,cc-by,zenodo,https://zenodo.org/records/15270469,,,,,,
nehut,NEH-UT Retinal OCT Dataset,oct,classification,16822.0,3.65,CC BY 4.0,cc-by,mendeley,https://data.mendeley.com/datasets/8kt969dhx6/2,"USA (San Antonio, TX — UT Health San Antonio)",Zeiss Cirrus HD-OCT,not reported,not reported,not reported,
oct5k,OCT5k: Multi-Disease Retinal Layer Annotations,oct,segmentation|classification,1672.0,1.0,CC0 1.0,cc0,direct,https://doi.org/10.5522/04/22128671,,,,,,
octave,OCTAVE: 3D SD-OCT Retinal Segmentation Dataset,oct,segmentation,198.0,15.0,CC BY-SA 4.0,cc-by-sa,zenodo,https://zenodo.org/records/14580071,"Not specified (multi-center, details in paper)",Zeiss Cirrus HD-OCT (1024×200×1024 volumes),not reported,not reported,not reported,
octdl,OCTDL: OCT Deep Learning Dataset,oct,classification,2000.0,0.8,CC BY 4.0,cc-by,mendeley,https://data.mendeley.com/datasets/sncdhf53xc/4,Germany (multiple ophthalmology clinics),Heidelberg Spectralis OCT,not reported,not reported,German,2000.0
octid,OCTID: OCT Image Database,oct,classification,500.0,0.3,CC0 1.0 Universal,cc0,manual,https://borealisdata.ca/dataverse/OCTID,"Canada (Edmonton, Alberta — University of Alberta)",Heidelberg Spectralis OCT (512×496 px B-scans),not reported,not reported,not reported,206.0
oimhs,OIMHS: OCT Image Macular Hole Segmentation Dataset,oct,segmentation,3859.0,2.0,CC0 1.0,cc0,figshare,https://doi.org/10.6084/m9.figshare.23508453,China (Beijing — multiple hospitals),Zeiss Cirrus HD-OCT 5000 and Heidelberg Spectralis,not reported,not reported,Chinese,
olives,OLIVES: Ophthalmic Labels for Investigating Visual Eye Semantics,oct,multilabel|classification,9408.0,20.0,CC BY 4.0,cc-by,zenodo,https://zenodo.org/records/7105232,"USA (Atlanta, GA — Emory Eye Center / Georgia Tech)",Heidelberg Spectralis OCT,not reported,not reported,not reported,96.0
retinal_corrugations_oct,Outer Retinal Corrugations Imaging Dataset,oct,segmentation|regression,,0.5,CC BY 4.0,cc-by,mendeley,https://data.mendeley.com/datasets/bzsc7gd9p3/1,,,,,,
rvo_me,RVO-ME: Retinal Vein Occlusion Macular Edema OCT Dataset,oct,segmentation|classification,3012.0,2.0,CC BY 4.0,cc-by,figshare,https://doi.org/10.6084/m9.figshare.29804435.v1,,,,,,
syn_oct,SYN-OCT Synthetic Glaucoma OCT Dataset,oct,classification|segmentation|regression,200000.0,3.255,CC BY 4.0,cc-by,zenodo,https://doi.org/10.5281/zenodo.17151869,,,,,,
tian_oct,Tian OCTRIMA 3D OCT Layer Segmentation Dataset,oct,segmentation,10.0,0.2,CC BY 4.0,cc-by,direct,https://doi.org/10.1371/journal.pone.0133908.s002,"USA (Iowa City, IA — University of Iowa)",Zeiss Cirrus HD-OCT (200 B-scans per volume),not reported,not reported,not reported,10.0
aroma_octa,AROMA Retinal OCTA Artifact Dataset,octa,quality_assessment|classification|grading,281.0,1.011,CC BY 4.0,cc-by,zenodo,https://doi.org/10.5281/zenodo.18258095,,,,,,
drac22,DRAC 2022: Diabetic Retinopathy Analysis Challenge,octa,segmentation|classification|grading,174.0,0.3,CC BY 4.0,cc-by,zenodo,https://zenodo.org/records/10280359,China (multi-center),"Optovue AngioVue (OCTA, 3×3 mm and 6×6 mm scans)",not reported,not reported,Chinese,174.0
octa_macula_coronal,OCTA Macula Coronal Views,octa,classification|visualization,82560.0,,CC BY 4.0,cc-by,mendeley,https://data.mendeley.com/datasets/p5h7x55zw7/1,,,,,,
rose,ROSE: Retinal OCT-Angiography Vessel Segmentation,octa,segmentation,229.0,0.8,CC BY 4.0,cc-by,zenodo,https://zenodo.org/doi/10.5281/zenodo.12775880,,,,,,
soul_octa,SOUL: OCTA Human-Machine Collaborative Annotation Dataset,octa,segmentation|classification|progression_analysis,178.0,0.113,CC BY 4.0,cc-by,figshare,https://doi.org/10.6084/m9.figshare.24893358.v3,,,,,,
dryad_uveal_melanoma_coog2,COOG2.1 Uveal Melanoma Prognostic Dataset,omics,classification|survival_analysis|prognosis,1577.0,8.4e-05,CC0 1.0,cc0,dryad,https://doi.org/10.5061/dryad.n8pk0p340,,,,,,
cataract101_extended_labels,Cataract-101 Extended Labels,surgical_video,classification,101.0,0.01,CC BY 4.0,cc-by,zenodo,https://zenodo.org/records/4984167,,,,,,
cataracts2017,CATARACTS 2017: Surgical Tool Detection Challenge,surgical_video,classification|multilabel,50.0,50.0,CC BY 4.0 (IEEE DataPort),cc-by,manual,https://ieee-dataport.org/open-access/cataracts,,,,,,
lmod_cataract_1k,LMOD-Cataract-1K,surgical_video,segmentation|detection,,2.0,CC BY 4.0,cc-by,huggingface,https://huggingface.co/datasets/mehti/LMOD-Cataract-1K,,,,,,
migs_video,Multicenter Fine-Annotated MIGS Surgical Video Dataset,surgical_video,classification|segmentation,186.0,10.23,CC BY 4.0,cc-by,zenodo,https://zenodo.org/records/19438128,,,,,,
anterior_segment_smile,Anterior Segment Parameters After SMILE Surgery,tabular,regression,,0.01,CC BY 4.0,cc-by,mendeley,https://data.mendeley.com/datasets/vkdxsnhkrm/1,,,,,,
chronic_corneal_disorders,Chronic Corneal Disorders Clinical Dataset,tabular,classification|regression,332.0,0.01,CC BY 4.0,cc-by,mendeley,https://data.mendeley.com/datasets/mcwv6thk8m/1,,,,,,
corneal_parameters_kc,Corneal Parameters Keratoconus Study,tabular,classification|regression,77.0,0.01,CC BY 4.0,cc-by,mendeley,https://data.mendeley.com/datasets/3nz4fkwn3y/1,,,,,,
corneal_tomography_iol,Multi-Parameter Corneal Tomography Dataset for IOL Selection,tabular,classification|regression,61.0,0.01,CC BY 4.0,cc-by,mendeley,https://data.mendeley.com/datasets/wddj7bh9p9/1,,,,,,
dryad_gcc_glaucoma,Glaucoma Ganglion Cell Complex Clinical Dataset,tabular,classification|regression,406.0,1.3e-05,CC0 1.0,cc0,dryad,https://doi.org/10.5061/dryad.xwdbrv1tn,,,,,,
dryad_glaucoma_rnfl_vf,RNFL and Visual-Field Glaucoma Diagnosis Dataset,tabular,classification,499.0,3.2e-05,CC0 1.0,cc0,dryad,https://doi.org/10.5061/dryad.q6ft5,,,,,,
dryad_namd_oct_quant,Moorfields nAMD Quantitative OCT Biomarker Dataset,tabular,regression|prognosis|fairness_analysis,2966.0,0.0032,CC0 1.0,cc0,dryad,https://doi.org/10.5061/dryad.2rbnzs7m4,,,,,,
dryad_namd_visual_prediction,Moorfields nAMD Visual-Change Prediction Dataset,tabular,regression|prognosis,926.0,0.0016,CC0 1.0,cc0,dryad,https://doi.org/10.5061/dryad.573n5tb5d,,,,,,
ophthalwechat,OphthalWeChat Dataset,text,visual_question_answering|retrieval,,0.002,CC BY 4.0 for the deposited Figshare files,cc-by,figshare,https://doi.org/10.6084/m9.figshare.29064149,,,,,,
ophtho_readability,Language and Readability Barriers in Ophthalmology Dataset,text,text_generation|classification,,0.01,CC BY 4.0,cc-by,zenodo,https://zenodo.org/records/16592100,,,,,,
ru_medical_texts_ophthalmology,Ophthalmology Russian-English Medical Text Translations,text,translation|text_generation,3473.0,0.01,CC BY 4.0,cc-by,kaggle,https://www.kaggle.com/datasets/cheshrcat/ru-medical-texts-ophtalmology,,,,,,
birdshot_wide,Birdshot-WIDE Widefield Fundus Dataset,uwf_fundus,classification|progression_analysis|quality_assessment,6352.0,,CC BY 4.0,cc-by,manual,https://doi.org/10.5281/zenodo.19474623,,,,,,
oculoscope,OculoScope: Fairer AI in Ophthalmology Dataset,uwf_fundus,classification|multilabel,16530.0,20.0,CC BY 4.0,cc-by,figshare,https://figshare.com/s/926c2c2ef9e77ab5eb9d,United Kingdom (London — Moorfields Eye Hospital NHS),"Various (Optos, Zeiss Clarus, Canon CR-2 — mixed fleet)",18+ years,~50% female,"multi-ethnic (South Asian, Black, White, other)",16530.0
prime_fp20,PRIME-FP20: Ultra-Widefield Vessel Segmentation,uwf_fundus,segmentation,15.0,0.5,CC BY 4.0,cc-by,manual,https://ieee-dataport.org/open-access/prime-fp20-ultra-widefield-fundus-photography-vessel-segmentation-dataset,,,,,,
uwf_dr_peng,"UWF Fundus DR Dataset (Peng et al., 2026)",uwf_fundus,grading|classification,1630.0,3.0,CC BY 4.0,cc-by,figshare,https://doi.org/10.6084/m9.figshare.31259494,,,,,,
uwf_tumor,UWF Fundus Intraocular Tumor Dataset,uwf_fundus,classification,2031.0,2.0,CC BY 4.0,cc-by,figshare,https://doi.org/10.6084/m9.figshare.27986258,China (Beijing — Peking Union Medical College Hospital),Optos P200Tx Panoramic Ophthalmoscope (200° UWF),not reported,not reported,Chinese,2031.0
uwf_zhejiang,Open UWF Fundus Dataset with Disease + Quality Labels,uwf_fundus,classification|quality,700.0,2.0,CC BY 4.0,cc-by,figshare,https://doi.org/10.6084/m9.figshare.26936446,,,,,,
eyecatcher_visual_field,Eyecatcher Tablet-Based Visual Field Home-Monitoring Data,visual_field,regression|classification,440.0,0.01,CC BY 4.0,cc-by,mendeley,https://data.mendeley.com/datasets/swsfj47cxw/2,,,,,,
uwhvf,UWHVF: University of Washington Humphrey Visual Field,visual_field,classification|regression,28943.0,0.05,CC BY 4.0,cc-by,direct,https://github.com/uw-biomedical-ml/uwhvf/archive/refs/heads/master.zip,"USA (Seattle, WA — University of Washington)",Humphrey Field Analyzer (HFA) 24-2 SITA Standard/Fast,18–90+ years,not reported,not reported,
visual_field_testing_experiment,Visual Field Testing Experiment,visual_field,classification|regression,,0.01,CC BY 4.0,cc-by,kaggle,https://www.kaggle.com/datasets/shozosaeki/visual-field-testing-experiment,,,,,,
